# File exported by ZBrush version 2023
# www.zbrush.com
#Vertex Count 1522
#UV Vertex Count 1548
#Face Count 1520
#Auto scale x=0.010528 y=0.010528 z=0.010528
#Auto offset x=0.001021 y=0.001013 z=0.000903
mtllib box_low.mtl
usemtl defaultMat
v 89.72459069 -43.81806125 62.42817639
v -89.56131854 46.80447531 59.9934399
v 89.68934338 46.74500326 59.73069289
v -92.81079664 -43.4045281 59.55099163
v 89.56803851 46.9066959 -59.85527566
v -92.67992416 43.98871574 -59.20811445
v 91.1049933 -45.19569832 -60.06724639
v -89.46726155 -46.90582123 -60.34381265
v 90.4619139 -39.99063144 62.90195435
v 86.31539008 -40.24153499 65.02981959
v 86.24230258 -45.08002645 63.36077513
v 87.36693292 -48.81012987 59.58167592
v 91.4002985 -45.53691956 59.08074632
v 93.71383769 -40.47093972 58.89744446
v -85.82487729 47.9014728 61.11724369
v -85.92064399 50.03893395 57.34789325
v -90.59088418 47.85341395 56.87273393
v -90.78462549 44.10576897 61.35707939
v -85.97753448 44.42067928 63.82382491
v -93.13475938 44.4046323 57.49813307
v 86.32432362 47.97427723 60.84206445
v 86.61265408 44.30430824 63.6918315
v 90.92936818 43.97846311 61.10650419
v 93.39385484 44.16061007 56.60548052
v 90.75518102 47.64759706 56.269312
v 86.41484795 50.08488114 56.51680178
v -90.2541382 -45.07388393 61.15557076
v -90.07879048 -39.89404951 63.34109076
v -93.2093358 -39.50518835 60.11417864
v -94.98716797 -39.55039673 55.36438007
v -93.69145287 -44.50893342 55.63021816
v -90.57143192 -48.29273152 56.17499459
v 86.22936082 48.02747655 -61.03140127
v 86.3871132 50.05779744 -56.52112136
v 90.57395686 47.87451365 -56.32748761
v 93.31838393 44.28203382 -56.77873922
v 90.89275649 44.11475346 -61.22425942
v 86.61430153 44.31156321 -63.86049321
v -93.27924164 44.9388702 -55.25170304
v -90.30467671 48.31957745 -55.70569473
v -90.19051641 45.55518294 -60.74159886
v -90.34159976 41.18081408 -63.22656814
v -93.33953458 40.5713119 -59.99495147
v -94.96761381 40.79510344 -55.09147101
v 92.00925153 -46.28801108 -56.4237242
v 88.04578613 -49.66168697 -56.91403318
v 87.9207448 -46.6337642 -61.60121201
v 92.2209392 -41.56700876 -61.17675537
v 94.4822245 -41.67982449 -56.62891268
v 88.04973207 -41.9680389 -64.41307659
v -90.604109 -48.0210453 -57.09338345
v -93.3358887 -44.20248111 -57.76799635
v -90.77907175 -43.96731033 -61.76918305
v -85.90231267 -44.15126891 -64.33309362
v -85.6916214 -47.85347622 -61.54803534
v -85.81851397 -50.21277011 -57.51340728
v -78.67880517 -50.31512657 -57.69977191
v -78.99275305 -50.59297795 -52.01576679
v -86.01320073 -50.52358163 -51.73026132
v -90.6811311 -48.35648918 -51.58179915
v -78.51750881 -47.73732881 -61.73982916
v -69.72491859 -47.65150336 -61.81295629
v -69.78174681 -50.33748308 -57.62866587
v -78.61611183 -43.71386202 -64.77632316
v -69.77430785 -43.48630854 -64.88234249
v -60.35861131 -43.31071739 -64.96442015
v -60.3427087 -47.6673154 -61.79825953
v -78.87832668 -37.83688836 -65.56807986
v -69.9158066 -37.50905894 -65.56705516
v -60.39973506 -37.11507147 -65.56831763
v -50.82841481 -36.82579557 -65.56826102
v -50.81480502 -43.17218516 -65.02775887
v -70.10731736 -29.42320671 -65.56749674
v -60.45718036 -29.14551101 -65.56783076
v -50.84925409 -28.86876642 -65.56809118
v -41.25456961 -28.62311939 -65.56736087
v -41.24330927 -36.63846002 -65.5669023
v -60.49569425 -19.56707025 -65.56754769
v -50.86560395 -19.32074387 -65.56749108
v -41.26369847 -19.08437148 -65.56739484
v -31.67294011 -18.86644647 -65.56831763
v -31.66466611 -28.40390785 -65.56776282
v -50.87001411 -9.68191746 -65.56595687
v -41.26708393 -9.45247664 -65.56713442
v -31.67747765 -9.24039056 -65.56604179
v -22.09431677 -9.04697406 -65.56610972
v -22.08787986 -18.66993678 -65.56696458
v -41.26326821 0.21306822 -65.56716273
v -31.67809473 0.42022834 -65.56738918
v -22.09912888 0.60665343 -65.56582666
v -12.52288471 0.7782658 -65.56605877
v -12.51392002 -8.8706434 -65.56725331
v -31.6754509 10.11833432 -65.56665321
v -22.10268418 10.28656153 -65.56661924
v -12.53142054 10.44283984 -65.56658527
v -2.96084652 10.59681612 -65.56678908
v -2.94799854 0.94071944 -65.56887244
v -22.10566486 19.98366191 -65.56656263
v -12.53949782 20.10824751 -65.56731558
v -2.97301745 20.24343673 -65.56709479
v 6.59241592 20.39538768 -65.56698722
v 6.60835533 10.75464492 -65.56691929
v -12.54820491 29.63758349 -65.56636448
v -2.98486109 29.73904264 -65.56643808
v 6.57939774 29.8706794 -65.56626258
v 16.13410771 30.02621254 -65.56584364
v 16.15189554 20.56585535 -65.56637014
v -2.99543765 37.58178695 -65.56670982
v 6.57178611 37.62732652 -65.56695892
v 16.12509208 37.61535002 -65.5667268
v 25.64729764 37.74274928 -65.56615501
v 25.670877 30.19746996 -65.56638713
v 6.56989948 43.66742514 -64.69151675
v 16.12416928 43.59876761 -64.72315781
v 25.63422285 43.74796858 -64.64967968
v 35.10961222 43.96871717 -64.5244402
v 35.14376973 38.05615085 -65.56642676
v 16.13401854 48.10135097 -61.25899155
v 25.63126765 48.17950534 -61.17731018
v 35.08074804 48.25828246 -61.09410026
v 44.52465204 48.31573908 -61.03506413
v 44.57206268 44.2500729 -64.36036415
v 25.64016439 50.37171135 -56.03017831
v 35.05028454 50.36436864 -56.12009122
v 44.47655923 50.34858491 -56.32681958
v 53.94118362 50.31919705 -56.64948022
v 53.94586552 48.27310376 -61.08272103
v 34.9974532 50.39637202 -49.76593998
v 44.47548924 50.39700608 -50.28726727
v 54.04621222 50.39718724 -50.83463659
v 63.37514354 49.60254894 -51.08924829
v 63.28758007 50.2933645 -56.83264621
v 44.59387853 50.39594176 -41.93411917
v 54.25694879 50.39722121 -42.37710244
v 63.59126967 49.60113927 -42.48574012
v 72.92748708 49.60249233 -42.3687237
v 72.5978234 49.60373215 -51.06848261
v 54.25690916 50.39754391 -32.42939855
v 63.61254486 49.60355665 -32.48729959
v 73.02405203 49.60222058 -32.60214207
v 80.99532786 50.38802159 -32.69254185
v 81.14789448 49.60176202 -42.00581115
v 63.55099511 50.39848935 -22.94217421
v 73.00909485 50.39740237 -23.13889479
v 80.79787839 50.39734576 -23.36006656
v 86.20202236 50.28274955 -23.36948698
v 86.42692918 50.24429794 -32.63948973
v 72.94775457 50.39718724 -13.826762
v 80.52070637 50.39713063 -13.97027335
v 85.96844808 50.31280544 -13.99123434
v 90.3434227 48.30139898 -13.98066468
v 90.4069992 48.24653524 -23.34246555
v 80.33228102 50.3978666 -4.58634596
v 85.86514618 50.32108793 -4.56865755
v 90.33484582 48.31199129 -4.55291133
v 93.55829888 44.36317453 -4.54354823
v 93.50200849 44.45611341 -13.97763871
v 85.89894419 50.32279198 4.91612145
v 90.34749318 48.30176697 4.92302648
v 93.56628133 44.354575 4.93038865
v 90.32508572 48.31735255 14.39312359
v 93.46990321 44.49083422 14.40314977
v 94.87552696 39.0753931 14.42468538
v 94.87664223 38.82858268 4.93761673
v 94.87822174 38.77564944 -4.54300793
v 94.87822174 31.66525772 4.9460167
v 94.87809719 31.53716494 -4.54976824
v 94.8781538 31.58233936 -14.00164832
v 94.87659128 38.91415336 -13.98416337
v 94.87856142 31.71684922 -23.42547025
v 94.87669885 39.0769075 -23.37935039
v 93.44790902 44.52423311 -23.34893784
v 94.87699324 39.03374851 -32.71134306
v 93.48534726 44.46884569 -32.63935952
v 90.48956373 48.16850542 -32.62135089
v 93.60831089 44.29703629 -41.73212649
v 90.5704695 48.08493884 -41.69922863
v 86.49342692 50.2397236 -41.78980391
v 90.643557 48.00675616 -49.97999973
v 86.51656469 50.23273754 -50.13843712
v 80.77439528 50.39266386 -50.52320798
v 80.49457942 50.31109572 -56.68468224
v 72.42102072 50.30403041 -56.78634236
v 80.34617953 48.1852912 -61.16535916
v 72.33713711 48.19053923 -61.16259078
v 63.28928979 48.20357723 -61.14987548
v 72.39698281 44.31270962 -64.325649
v 63.35349469 44.34116336 -64.30463422
v 54.00746623 44.37519349 -64.27911304
v 63.49320447 38.83698406 -65.56597951
v 54.09370494 38.81515971 -65.56569078
v 44.62960988 38.47168244 -65.5670495
v 54.21583636 31.18667897 -65.5665513
v 44.70552803 30.83615053 -65.56572475
v 35.19181443 30.47095931 -65.56615501
v 44.79889434 21.23486355 -65.56663056
v 35.25060429 20.98645239 -65.5671231
v 25.70367013 20.75963913 -65.56626824
v 35.30876009 11.27584271 -65.56609274
v 25.74047147 11.094051 -65.56719103
v 16.17510125 10.91983271 -65.56616067
v 25.77647173 1.41236406 -65.56790436
v 16.20004639 1.25569822 -65.5682497
v 6.62600871 1.09879106 -65.5669476
v 16.22399373 -8.40773373 -65.56661358
v 6.64381211 -8.55467654 -65.56738918
v -2.93483811 -8.70792888 -65.56734955
v 6.66041744 -18.19536906 -65.56789303
v -2.92260261 -18.33827041 -65.56767224
v -12.50496525 -18.49473059 -65.56639279
v -2.91194272 -27.90611462 -65.56717405
v -12.49593263 -28.04866355 -65.56694193
v -22.07974456 -28.21404736 -65.5673269
v -12.487084 -36.29411374 -65.56636448
v -22.07193054 -36.41944946 -65.56744579
v -31.65714789 -36.52422613 -65.567576
v -22.06398631 -42.95594297 -65.09597764
v -31.65381055 -42.97075861 -65.08910481
v -41.23729979 -43.02274358 -65.07356452
v -31.64435616 -47.566295 -61.88290742
v -41.22791334 -47.628994 -61.82949297
v -50.80325595 -47.68549386 -61.78146809
v -41.22243036 -50.39746465 -57.36012734
v -50.80001202 -50.3877272 -57.41198493
v -60.34951925 -50.36314579 -57.52218231
v -50.8019312 -50.59593882 -51.72475853
v -60.37671618 -50.59292134 -51.83150817
v -69.91761822 -50.59296097 -51.996524
v -60.41387135 -50.59294398 -44.23626214
v -70.08266236 -50.59295531 -44.28354822
v -79.26425244 -50.59295531 -44.09877442
v -70.13834133 -50.59291568 -34.8956289
v -78.98944685 -50.59294965 -34.95738812
v -85.53859055 -50.56396374 -35.02541441
v -85.78317042 -50.55328085 -43.90586815
v -90.46878107 -48.56082847 -35.14111175
v -90.57700265 -48.46178387 -43.88055361
v -93.89057809 -44.35265299 -35.33549562
v -93.94599098 -44.26103319 -44.08762164
v -93.94792715 -44.25877716 -51.81751907
v -95.07038355 -38.5951018 -44.58363722
v -95.07111386 -38.26943218 -52.33869351
v -94.29232722 -37.98273217 -58.25374231
v -95.06896822 -29.99899013 -53.00184226
v -94.14597672 -29.63848081 -58.59422475
v -90.85310469 -29.46589015 -62.93062322
v -91.11663862 -37.80437546 -62.71227786
v -86.05561525 -37.84274498 -65.33957244
v -85.89183359 -29.45773503 -65.37698237
v -79.12371611 -29.51426886 -65.56737219
v -90.74490575 -20.20743222 -63.01921704
v -85.79065467 -20.08832961 -65.39315673
v -79.08202623 -19.96785554 -65.56823837
v -70.19101981 -19.79791861 -65.56759865
v -85.69451999 -10.55397629 -65.4209481
v -78.97640319 -10.38098791 -65.56694193
v -70.17004466 -10.16382081 -65.56716273
v -60.50029123 -9.92325057 -65.56780811
v -78.83201151 -0.7839727 -65.56802891
v -70.10770233 -0.5400775 -65.56758166
v -60.47910661 -0.2735814 -65.56806287
v -50.86071824 -0.01849016 -65.568278
v -70.05704494 9.09920742 -65.5680742
v -60.44310069 9.41356292 -65.56646638
v -50.83956192 9.69287067 -65.56636448
v -41.2527863 9.92520938 -65.56675511
v -60.39191113 19.19297379 -65.56763828
v -50.80948905 19.50141039 -65.56784208
v -41.23781214 19.71071606 -65.56741748
v -31.67053123 19.85832902 -65.56689664
v -50.77715165 29.40547832 -65.56817044
v -41.22202274 29.48875901 -65.56727595
v -31.66474254 29.5107815 -65.56747976
v -22.10803412 29.5631854 -65.56682305
v -41.20940369 37.5745065 -65.56663622
v -31.65913784 37.46447613 -65.56610972
v -22.11090016 37.46571313 -65.56688532
v -12.55956857 37.49584828 -65.56676077
v -31.65295569 43.53763397 -64.75149832
v -22.11569104 43.52771819 -64.76315495
v -12.57098602 43.63309496 -64.70682493
v -3.00552168 43.7181165 -64.66203831
v -22.12309886 47.94286263 -61.40902189
v -12.58573373 48.05097664 -61.30566338
v -3.01827785 48.09071903 -61.26641918
v 6.5711209 48.0841689 -61.27638875
v -12.61077936 50.3635987 -56.24619121
v -3.03545001 50.36148137 -56.20143857
v 6.58006365 50.36297029 -56.15584805
v 16.16163724 50.36894297 -56.07642554
v -3.0713121 50.39627577 -49.60271312
v 6.60108338 50.39637202 -49.54857402
v 16.22409563 50.39649656 -49.48782251
v 25.67444928 50.39650789 -49.51634985
v 6.6480128 50.39615123 -41.01060399
v 16.32919642 50.3957889 -40.95309359
v 25.77514415 50.39581155 -40.9663552
v 34.993612 50.39640598 -41.3089663
v 16.32573169 50.39568134 -31.39830719
v 25.90144795 50.39543224 -31.20391765
v 35.24162546 50.395336 -31.5680955
v 44.71240653 50.39588514 -32.13127685
v 25.72510667 50.39566435 -21.80284994
v 35.24613469 50.3975892 -22.04426514
v 44.50749545 50.3971646 -22.52654638
v 54.07362428 50.39784396 -22.8651889
v 35.10837806 50.3942377 -13.34738783
v 44.09938584 48.81962388 -13.75373253
v 53.81035643 48.89425126 -13.91504162
v 63.44132424 48.83806276 -13.82006042
v 43.68969956 48.87692199 -4.60803939
v 53.61861356 48.98966696 -4.60310555
v 63.35433823 48.94034563 -4.52822979
v 72.89924281 50.39724952 -4.5409741
v 53.67305837 48.9909917 4.71826189
v 63.40260088 48.88920137 4.73262675
v 72.88013589 50.39732312 4.79733905
v 80.34539827 50.39833083 4.89337714
v 63.56569753 48.76266545 14.15436638
v 72.85151232 50.39774771 14.15550571
v 80.48169995 50.39782131 14.34270397
v 86.0000948 50.31461705 14.3900778
v 72.85911545 50.3980138 23.58518851
v 80.65553044 50.39786094 23.79487207
v 86.13434708 50.29451375 23.8113295
v 90.33366261 48.31197997 23.80719674
v 80.79355881 50.05196063 33.1823583
v 86.30700002 50.26866421 33.13552512
v 90.46061746 48.19736677 33.11077388
v 93.4527551 44.51235285 33.1431962
v 93.37674071 44.62035647 23.82778409
v 86.4023591 50.25617536 42.27361371
v 90.60004418 48.05624166 42.1695447
v 93.63641363 44.24674405 42.22319975
v 90.71170783 47.93400834 50.24116723
v 93.72844386 44.10976019 50.35803929
v 94.87551563 38.9852594 50.69854438
v 94.87524955 39.16972183 42.43601402
v 94.87613838 39.30171525 33.23855811
v 94.87866898 31.96319542 42.79088185
v 94.87864634 32.0877329 33.39783904
v 94.87820476 32.03401274 23.94708768
v 94.87578172 39.30045561 23.87119784
v 94.87844819 31.85662411 14.46135934
v 94.87853877 22.59333143 24.0616103
v 94.8781255 22.51843373 14.52966021
v 94.87869729 22.39208888 5.00151416
v 94.87905395 12.76256471 14.63248656
v 94.87897469 12.65657227 5.10331192
v 94.8782274 12.51976532 -4.40964023
v 94.8783293 22.24987397 -4.50755504
v 94.87851613 12.38816537 -13.9260472
v 94.87839158 22.17127094 -13.98505502
v 94.8781255 12.31496606 -23.48695914
v 94.87810851 22.1421888 -23.46446251
v 94.87818211 12.24494133 -33.09784062
v 94.87816513 22.07796691 -32.98896799
v 94.87792169 31.73269806 -32.8394047
v 94.87799529 21.92574422 -42.6097879
v 94.87838592 31.55359123 -42.25107321
v 94.87747445 38.95026402 -41.91689463
v 94.87834063 31.13975238 -50.88648851
v 94.87729895 38.82839868 -50.4373882
v 93.7048815 44.1396519 -50.1032351
v 94.49741379 38.55627372 -57.12576614
v 94.34753064 30.76381882 -57.29722454
v 91.57012078 30.6134771 -62.02064707
v 91.64027572 38.45408143 -62.01157199
v 87.06202614 30.71133848 -65.00239621
v 86.99949132 38.53629496 -65.02833066
v 81.16461798 30.98347477 -65.56816478
v 80.73952728 38.71259095 -65.56621729
v 80.43481299 44.28767248 -64.33598089
v 72.67605137 38.92592039 -65.56576438
v 73.15370733 31.27979051 -65.56770055
v 63.72212516 31.34495784 -65.56631919
v 73.64600909 21.59042065 -65.56714008
v 63.98248876 21.58574441 -65.56702119
v 54.36414567 21.45652503 -65.56577004
v 64.1746166 11.73540513 -65.56669284
v 54.49719775 11.61592957 -65.56673247
v 44.8880543 11.45603934 -65.56638146
v 54.59511575 1.85832147 -65.56760431
v 44.96082759 1.71809969 -65.56695326
v 35.36039406 1.56765819 -65.56665887
v 45.01457323 -7.99714943 -65.56717971
v 35.40294445 -8.12920795 -65.56760997
v 25.80877516 -8.26595616 -65.56669284
v 35.435831 -17.814329 -65.56736653
v 25.83618722 -17.93320941 -65.56760997
v 16.24569919 -18.06085778 -65.56616067
v 25.8590957 -27.55483889 -65.56747976
v 16.2650085 -27.67039187 -65.56787039
v 6.67461246 -27.78437949 -65.56711177
v 16.27985103 -36.0448548 -65.56737219
v 6.6866017 -36.10902007 -65.56794965
v -2.90157191 -36.17731527 -65.56763261
v 6.69388426 -42.71357101 -65.17323753
v -2.89590335 -42.77844961 -65.15359845
v -12.48137457 -42.8886385 -65.11815299
v -2.88604966 -47.42334695 -62.00117783
v -12.47313454 -47.47104348 -61.96453783
v -22.05895765 -47.50757591 -61.93060395
v -12.46763175 -50.34676763 -57.58230541
v -22.05374925 -50.35630127 -57.5345919
v -31.63880242 -50.38169224 -57.43237131
v -22.04826485 -50.59286473 -51.54827854
v -31.63338455 -50.5963068 -51.56033147
v -41.21781073 -50.59514623 -51.59067043
v -31.62504544 -50.59291002 -43.8548456
v -41.21147573 -50.59287039 -43.98447259
v -50.80414478 -50.5928534 -44.11971843
v -41.20109855 -50.59288737 -34.51250831
v -50.79977991 -50.59511227 -34.65897486
v -60.42904932 -50.59293266 -34.79337717
v -50.78108626 -50.59294965 -25.13800912
v -60.4041339 -50.59284208 -25.3122812
v -70.07050187 -50.59311949 -25.49013122
v -60.3504194 -50.59287605 -15.81982298
v -69.96464671 -50.59303457 -16.0462541
v -78.61731203 -50.592927 -16.2693493
v -78.78055587 -50.59622754 -25.6606555
v -85.11494915 -50.58184782 -16.46854812
v -85.33093374 -50.57254629 -25.82237928
v -90.27673815 -48.73594974 -16.66254136
v -90.36055382 -48.65951074 -25.98953226
v -93.85364371 -44.40349154 -16.87272453
v -93.85571575 -44.40017968 -26.19288082
v -95.07084778 -38.50158264 -17.12572984
v -95.0705364 -38.50011919 -26.45583163
v -95.07093836 -38.51176734 -35.65710326
v -95.07139126 -30.86275868 -26.81540118
v -95.07105724 -30.7619336 -36.13515268
v -95.06944377 -30.45819305 -45.31879499
v -95.07171962 -21.12682738 -36.70868573
v -95.07109687 -20.83384049 -46.07603752
v -95.0703609 -20.56370547 -53.40924137
v -95.07056471 -11.20918788 -46.5616646
v -95.06741136 -11.00790711 -53.75124104
v -93.88479789 -10.84535749 -59.13499298
v -94.00013008 -20.35746257 -58.90072236
v -90.60550168 -10.69885626 -63.1304561
v -93.76309674 -1.28202198 -59.36481382
v -90.43547559 -1.13722693 -63.26111911
v -85.51921189 -0.97919503 -65.44035507
v -90.32899203 8.38752286 -63.34199657
v -85.42423777 8.56532122 -65.44621452
v -78.75693123 8.80030517 -65.56891207
v -85.39105118 18.028928 -65.45349496
v -78.804022 18.3527577 -65.56897434
v -70.00588369 18.78323797 -65.56784774
v -78.8032747 27.79972447 -65.56777415
v -69.86689855 28.56688278 -65.56718537
v -60.32303565 29.12737218 -65.56668718
v -69.68712935 37.0654501 -65.56696458
v -60.2706742 37.39224349 -65.56719669
v -50.75521408 37.63290008 -65.56723066
v -60.25283542 43.51907337 -64.76502885
v -50.74591255 43.81279906 -64.61461919
v -41.19840376 43.69450884 -64.67757861
v -50.74356877 47.97418665 -61.38419139
v -41.18712644 47.95176787 -61.40130553
v -31.64862479 47.92505781 -61.42426214
v -41.16018993 50.32823816 -56.56497386
v -31.63919305 50.34262355 -56.45258555
v -22.13256457 50.34710164 -56.35360323
v -31.61663273 50.39645694 -49.82779544
v -22.14880545 50.3961399 -49.67093755
v -12.65534518 50.39643429 -49.61853648
v -22.22427919 50.39623048 -40.96775921
v -12.75951185 50.39580589 -40.93745988
v -3.14059485 50.39591911 -40.99050635
v -12.89926834 50.39577192 -31.22301042
v -3.20481285 50.39543224 -31.44533285
v 6.65530315 50.39585684 -31.557005
v -3.21156962 50.39620784 -21.75825864
v 6.41619635 50.39585118 -21.91266377
v 15.96441564 50.39637202 -21.86727705
v 6.15625098 50.39698344 -12.69668831
v 15.74741483 50.39612292 -12.66022806
v 25.64535865 50.39607763 -12.96220511
v 15.9146867 50.39712497 -4.01304572
v 25.85498559 50.3962135 -4.22263835
v 34.94904335 50.39375083 -4.47125013
v 25.82278124 50.3968136 4.68611167
v 34.92090664 50.396038 4.62334226
v 43.72789075 48.85961537 4.63145951
v 35.20122353 50.39546621 13.94356754
v 44.23917205 48.78176671 14.06599334
v 53.96384018 48.80691424 14.20529834
v 44.71453235 50.39872146 23.42077419
v 54.25480315 50.39787792 23.50544614
v 63.63758483 50.39875543 23.48863064
v 54.34211752 50.39777036 33.2673487
v 63.6089103 49.60342644 33.1530497
v 72.92945722 49.60320565 33.13917384
v 63.53063139 49.6023791 43.07448229
v 72.80561608 49.60257725 42.91113937
v 80.93913371 49.60377178 42.52258392
v 72.45270707 49.6030811 51.41614926
v 80.64519289 50.39493404 50.80790389
v 86.48691075 50.23891969 50.42898682
v 80.36645268 50.27520868 56.70241912
v 72.259413 50.25442036 56.87015804
v 72.12591367 48.15144789 61.0307672
v 80.2218119 48.23137425 60.94277914
v 72.1231736 44.33836101 64.11946979
v 80.28876254 44.36635902 64.10053271
v 72.29509623 39.15960507 65.38974863
v 80.60243302 38.90022654 65.38848615
v 86.98927266 38.63227679 64.84703291
v 91.70794535 38.52769543 61.75162733
v 80.96219222 31.38789038 65.3895618
v 87.09610156 31.05621693 64.80657153
v 91.65613305 30.97645475 61.80859142
v 87.06720058 22.08359001 64.81719215
v 91.5689772 22.06974527 61.90147085
v 94.37708267 22.13694643 57.35490762
v 94.42784197 31.167272 57.20048975
v 94.51531485 38.66353004 56.89783052
v 94.87806322 31.5448162 51.10220137
v 94.87693662 22.28729805 51.32569852
v 94.87878787 22.48057373 43.17017256
v 94.87869729 12.74349318 51.40965007
v 94.87903697 12.79938162 43.37202936
v 94.87929173 12.83054288 33.78642562
v 94.87886147 22.59480762 33.60053372
v 94.87951252 12.82308269 24.19349615
v 94.87567415 3.1664037 33.94578864
v 94.87727064 3.11797297 24.32268722
v 94.87622896 3.03673637 14.73303424
v 94.87867464 -6.57386593 24.43409046
v 94.87874824 -6.68227292 14.81880731
v 94.87848216 -6.82718332 5.25912353
v 94.87734424 2.90829684 5.18818768
v 94.87783677 -6.96420257 -4.29098096
v 94.87918416 2.76668875 -4.33931686
v 94.87839724 -7.06286998 -13.8768943
v 94.8795295 2.65387124 -13.90217205
v 94.8781255 -7.13914338 -23.48209041
v 94.87956347 2.57767516 -23.49820957
v 94.87809719 -7.1983819 -33.12145394
v 94.87930871 2.50646102 -33.13998057
v 94.87801793 -7.24990689 -42.76583338
v 94.87914453 2.44158012 -42.83720834
v 94.87767825 12.15775576 -42.8120608
v 94.87873692 2.37658175 -51.14371009
v 94.87698191 12.06901049 -51.20703183
v 94.87973331 21.71887716 -51.11679622
v 94.4250283 11.99791577 -57.37997023
v 94.34762688 21.56243821 -57.37923426
v 91.6795086 11.94085544 -61.96827996
v 91.57088506 21.48898556 -62.02064707
v 87.30029365 11.89320704 -64.91097173
v 87.13603077 21.47961468 -64.97384623
v 81.56000946 11.85363732 -65.56703252
v 81.3904023 21.5256029 -65.56798928
v 73.87517321 11.8090814 -65.56742881
v 81.62629206 2.16332449 -65.56823837
v 73.92951046 2.08670999 -65.56803457
v 64.28825039 1.98322976 -65.56787605
v 73.99939365 -7.61097881 -65.56765526
v 64.35784486 -7.73782326 -65.56677209
v 54.65876019 -7.86785645 -65.56772886
v 64.38356419 -17.46359818 -65.56716839
v 54.69042389 -17.59267744 -65.56762129
v 45.05009228 -17.70313382 -65.56789303
v 54.69412639 -27.31568256 -65.56778547
v 45.07101082 -27.37260419 -65.56824404
v 35.46026521 -27.45820601 -65.56720235
v 45.08362138 -35.79693759 -65.56804023
v 35.47866446 -35.84302347 -65.56741748
v 25.87671087 -35.93690213 -65.56806853
v 35.49249221 -42.47243888 -65.24710629
v 25.88843544 -42.55306158 -65.22151717
v 16.28983758 -42.64306507 -65.19565065
v 25.8992174 -47.26648057 -62.13288818
v 16.29955239 -47.28476377 -62.11897834
v 6.70426427 -47.3471146 -62.0665433
v 16.30663468 -50.32559433 -57.66292245
v 6.71000272 -50.33780011 -57.60953631
v -2.8793173 -50.34883967 -57.57041666
v 6.71662999 -50.59296097 -51.39853692
v -2.87393924 -50.59297229 -51.44174403
v -12.46169869 -50.59290436 -51.51322372
v -2.86817726 -50.59290436 -43.51336677
v -12.4551981 -50.59284208 -43.60916461
v -22.04067587 -50.5928534 -43.73023736
v -12.44786246 -50.59280811 -34.09979323
v -22.03038078 -50.59295531 -34.22835306
v -31.61366621 -50.59296097 -34.36682868
v -22.0203546 -50.59301192 -24.65559767
v -31.60051216 -50.59296097 -24.80731791
v -41.18509969 -50.59290436 -24.96888318
v -31.58545308 -50.59296663 -15.22837895
v -41.16336592 -50.59287039 -15.41030653
v -50.74915082 -50.59281377 -15.6071927
v -41.13790136 -50.5928534 -5.82364519
v -50.70929521 -50.59296663 -6.0455915
v -60.28375749 -50.5930289 -6.28906034
v -50.66787141 -50.59301192 3.5587133
v -60.21810329 -50.59297795 3.28943031
v -69.73885107 -50.59220235 3.00009355
v -69.84594605 -50.59227029 -6.54976928
v -78.34668448 -50.59117766 2.71837089
v -78.47111439 -50.59123993 -6.80490536
v -84.91068346 -50.58539746 2.4753953
v -84.99161753 -50.58404441 -7.02863392
v -90.25146606 -48.75385079 2.25109194
v -90.25112072 -48.75529443 -7.23830899
v -93.87100128 -44.37937154 2.02075097
v -93.87053139 -44.38290419 -7.4575545
v -95.0705364 -38.57212538 1.76204224
v -95.07111386 -38.51837125 -7.71256109
v -95.07095534 -31.29774819 1.44496312
v -95.07106857 -31.13050463 -8.02963543
v -95.07152147 -30.97656798 -17.45214818
v -95.07088174 -21.82420298 -8.39325494
v -95.07090439 -21.58056855 -17.8251053
v -95.07171962 -21.35978741 -27.24894421
v -95.07126105 -11.9485067 -18.20035101
v -95.07063265 -11.69808082 -27.69108112
v -95.07169697 -11.45365239 -37.22945539
v -95.07288585 -2.08751178 -28.1214425
v -95.07391621 -1.84650384 -37.67831227
v -95.0729368 -1.62341536 -46.87095889
v -95.07315193 7.73833986 -38.09943439
v -95.07260278 7.93283059 -47.20737085
v -95.06299554 8.0924703 -54.19585194
v -95.06735475 -1.43656439 -53.98616838
v -93.68524241 8.2372328 -59.50169295
v -95.05732291 17.57056436 -54.50567273
v -93.5903702 17.6726689 -59.66782972
v -90.21137267 17.81820983 -63.42935057
v -93.53126613 26.79286351 -59.76286611
v -90.12049734 26.91855023 -63.49524254
v -85.33419466 27.24011823 -65.4621228
v -90.07659955 35.02455672 -63.5242058
v -85.3287598 35.53744583 -65.45750317
v -78.55972519 36.28867605 -65.56811949
v -85.27681729 42.10189772 -65.1957752
v -78.33071959 42.85124272 -65.06521409
v -69.61053184 43.22016192 -64.91218325
v -78.32688122 47.4943058 -61.79286996
v -69.65036481 47.66804005 -61.64954827
v -60.2794096 47.80783475 -61.52554862
v -69.81919636 50.27099101 -56.99650147
v -60.37173989 50.26477489 -56.98741507
v -50.77052792 50.30453992 -56.7401574
v -60.57353725 49.60361893 -50.6262438
v -50.89465212 50.39666074 -50.62208274
v -41.15064779 50.39627011 -50.16181833
v -51.10489049 50.39707402 -41.93514952
v -41.26252941 50.39617953 -41.59097874
v -31.68828792 50.39606064 -41.17743994
v -41.57560829 50.39544922 -31.82251189
v -31.96827362 50.39582287 -31.42208751
v -22.36607517 50.39541525 -31.20211452
v -32.24934345 50.39570964 -21.79026202
v -22.45541628 50.39536996 -21.47900326
v -12.85939008 50.39582287 -21.4678066
v -22.73224438 50.3955115 -12.13893898
v -12.89543988 50.3963154 -12.04190839
v -3.26019248 50.39750428 -12.52013614
v -13.06223336 50.39745333 -3.28590968
v -3.35263458 48.16509165 -3.88546176
v 6.3564377 48.21962138 -4.06299616
v -3.25673023 48.17150025 5.27683493
v 6.44026682 48.43059572 5.06080858
v 15.91937992 50.39701174 4.67329234
v 6.24122794 50.39647392 14.28046637
v 15.90224456 50.39582287 14.12308764
v 25.74973337 50.39562472 14.03603511
v 16.2299933 50.39627577 23.68221485
v 26.07026536 50.396038 23.28710644
v 35.52064873 50.39736275 23.23149399
v 26.32557057 50.39599837 32.55869152
v 35.50748619 50.3958908 32.81822008
v 44.83681662 50.39642863 33.18145815
v 35.18814307 50.39593043 42.50006324
v 44.70947963 50.39608329 42.88791102
v 54.27030948 50.39861389 43.10051015
v 44.56513607 50.39697778 50.85190924
v 54.02353868 50.3978383 51.26046892
v 63.26012272 49.60930288 51.48249413
v 53.86454082 50.26253867 56.76522002
v 63.1353588 50.22420595 57.00465942
v 53.81887104 48.21335431 60.96887211
v 63.0923838 48.11551557 61.06022299
v 53.81801052 44.52356224 63.98555153
v 63.09114397 44.35640644 64.1052316
v 53.8300408 39.25947622 65.38746146
v 63.14160322 39.22341368 65.38516297
v 53.86274619 31.98882134 65.39178104
v 63.24618458 32.04444936 65.39063179
v 72.60320731 31.82980366 65.39159421
v 63.37142972 22.48853494 65.3916395
v 72.89729532 22.3631228 65.39156024
v 81.03220563 22.19072886 65.3910394
v 72.96728608 12.74705414 65.39174707
v 80.95825195 12.70775475 65.39162252
v 87.03545762 12.68400414 64.82810715
v 91.5031475 12.683455 61.96764589
v 80.91826612 3.17255435 65.38886546
v 87.019555 3.17520845 64.83513283
v 91.45793629 3.1776559 62.02412311
v 87.0056848 -6.34136234 64.84001854
v 91.38625279 -6.34131776 62.08826008
v 94.22949801 -6.35389294 57.76133865
v 94.28900403 3.18446115 57.58787614
v 94.33864239 12.70060027 57.46311788
v 94.87351719 3.18369652 51.50521863
v 94.87831232 -6.38224761 51.68933006
v 94.8791049 -6.42544976 43.70169587
v 94.87516463 3.18264458 43.53451459
v 94.87886147 -6.48782111 34.08149871
v 94.87905961 -16.0217194 43.8740063
v 94.87895771 -16.1617901 34.1997861
v 94.87839724 -16.27727514 24.54094484
v 94.87801227 -25.93107358 34.27561084
v 94.87864068 -26.08366851 24.62797897
v 94.87904829 -26.18859237 15.03211977
v 94.87836327 -16.42725029 14.9408439
v 94.87896337 -26.28778417 5.41278525
v 94.87867464 -16.58438982 5.35217952
v 94.87864068 -26.38614375 -4.20604576
v 94.87913321 -16.69536705 -4.24191121
v 94.87864068 -26.47027363 -13.81510819
v 94.87806888 -16.78312017 -13.84107662
v 94.87807455 -26.56203779 -23.40393887
v 94.87789904 -16.85763998 -23.44415398
v 94.87845951 -26.66118146 -32.97865591
v 94.87815947 -16.91672706 -33.06324719
v 94.87856708 -26.69091182 -42.55619795
v 94.87813116 -16.95064396 -42.70580936
v 94.87783111 -26.57302922 -50.93149026
v 94.87796132 -16.9566223 -51.03798514
v 94.87808021 -7.29387474 -51.04220282
v 94.45389531 -16.96390982 -57.28449792
v 94.43081416 -7.33381103 -57.36740779
v 94.44248211 2.3207807 -57.32116622
v 91.7250142 -7.38183591 -61.92822054
v 91.73278151 2.2713136 -61.91108376
v 87.43577444 -7.43833224 -64.85752897
v 87.42055684 2.22144561 -64.86325822
v 81.67326961 -7.51012612 -65.56734955
v 87.5112963 -17.05100198 -64.82938095
v 81.82465301 -17.15279656 -65.56809118
v 74.07433806 -17.30142998 -65.56706648
v 81.93315199 -26.69769124 -65.56809684
v 73.98683687 -27.01271761 -65.56764394
v 64.34300657 -27.24568896 -65.56743447
v 73.72418044 -35.98998256 -65.56896302
v 64.26270657 -35.89664739 -65.56847049
v 54.68541363 -35.81893744 -65.56848747
v 64.21136982 -42.52637983 -65.22627833
v 54.67710849 -42.4792834 -65.24313771
v 45.09502326 -42.46529714 -65.24293956
v 54.6931583 -47.21684222 -62.17526874
v 45.10685539 -47.22014559 -62.17199084
v 35.50316661 -47.24499308 -62.1513214
v 45.12029251 -50.34484278 -57.59318645
v 35.5132494 -50.34608261 -57.58053342
v 25.90745743 -50.33776615 -57.62233653
v 35.52368602 -50.59286473 -51.28297262
v 25.91519361 -50.59614829 -51.33349415
v 16.31272625 -50.59291002 -51.37726739
v 25.92222779 -50.5928534 -43.25547433
v 16.31837765 -50.59283076 -43.33671695
v 6.72270103 -50.59288737 -43.423134
v 16.3215027 -50.59287605 -33.77666836
v 6.7264842 -50.59284774 -33.87540725
v -2.86287439 -50.59286473 -33.98252204
v 6.72709279 -50.59291002 -24.26717526
v -2.85936349 -50.5928534 -24.38585611
v -12.44102076 -50.59288171 -24.51509247
v -2.8583073 -50.59288171 -14.76796593
v -12.43570479 -50.59295531 -14.90787244
v -22.01058884 -50.59297229 -15.06105755
v -12.43212119 -50.59292134 -5.27555371
v -22.00118399 -50.59284208 -5.44007205
v -31.56919097 -50.59283642 -5.62226854
v -21.99280809 -50.59296663 4.21402396
v -31.55286941 -50.59298928 4.01987892
v -41.11134699 -50.59299494 3.80201583
v -31.53786694 -50.59296097 13.70673092
v -41.0862589 -50.59302324 13.47684781
v -50.63012746 -50.59295531 13.21550764
v -41.0642081 -50.59291002 23.21199644
v -50.59797123 -50.59291568 22.93733945
v -60.12488984 -50.59646532 22.61991694
v -60.16364149 -50.59287039 12.92173807
v -69.61964089 -50.59294398 22.26735468
v -69.65412392 -50.59225897 12.60400136
v -78.25744526 -50.59288737 21.91793586
v -78.24698883 -50.59146072 12.29644933
v -85.00539149 -50.58400478 21.61689151
v -84.92273638 -50.58790542 12.02876566
v -90.31543319 -48.70043068 21.35168749
v -90.28943646 -48.72181911 11.78519209
v -93.84540651 -44.42473277 21.09688755
v -93.86982939 -44.3809199 11.54586663
v -95.0714875 -38.82395172 20.83006157
v -95.07036656 -38.6607277 11.28328521
v -95.07154412 -31.79658876 20.51384632
v -95.07126105 -31.50333296 10.96734525
v -95.07137428 -22.66567871 20.13147586
v -95.07108555 -22.37277816 10.59812813
v -95.07141391 -22.09101481 1.08942407
v -95.07144787 -12.82435648 10.21837602
v -95.07190078 -12.5350919 0.73744342
v -95.0720593 -12.23538504 -8.73249118
v -95.06597339 -2.94106272 0.35182301
v -95.07258014 -2.61063618 -9.08987334
v -95.0730387 -2.33935652 -18.59685494
v -95.07358219 6.99672396 -9.48217374
v -95.07395583 7.26639899 -18.99283661
v -95.07410303 7.51326178 -28.53363958
v -95.07261977 16.89733141 -19.37644407
v -95.07291981 17.14568313 -28.93082286
v -95.07167999 17.34187437 -38.52115379
v -95.07150449 26.8491907 -29.3026548
v -95.07091571 27.00326322 -38.89997461
v -95.07084778 26.94678317 -48.03907657
v -95.07074587 17.47494061 -47.64725172
v -95.0460286 26.82912136 -54.73279313
v -95.07190644 35.29480496 -48.24486515
v -95.03379451 35.05716586 -54.96756195
v -93.44084937 34.87407347 -59.91910126
v -94.98596211 41.05539061 -48.31675812
v -95.0724103 35.37160911 -39.15509018
v -94.96484543 41.21967047 -39.33939126
v -92.88478994 45.507042 -39.52269595
v -93.03453723 45.31250527 -48.39869424
v -89.95098643 48.80164356 -48.67996505
v -89.85409313 48.87551798 -39.76983473
v -85.58581719 50.3739136 -40.12096043
v -85.42974623 50.37728208 -49.11721625
v -92.7131617 45.7221406 -30.04328705
v -89.6890037 48.99272406 -30.2394514
v -85.41510042 50.37768404 -30.47037902
v -79.56497551 50.39974616 -30.85935341
v -79.53606887 49.60365289 -40.6702461
v -89.46454978 49.15175589 -20.63120243
v -85.05012716 50.38681007 -20.81142737
v -79.24204313 50.39635503 -21.09130408
v -70.8633512 50.39650223 -21.47721711
v -70.94318698 49.60383972 -31.40225595
v -84.76756557 50.38997474 -11.27811856
v -78.86360161 50.39664942 -11.45283929
v -70.53269113 50.39510388 -11.7969662
v -60.86960672 50.39567568 -12.27964798
v -61.2495315 50.39513785 -22.05162484
v -78.7100103 50.39586816 -2.06595457
v -70.31164532 50.39589647 -2.34989929
v -60.68862599 50.39606064 -2.69548222
v -51.3582001 50.39643995 -2.90388314
v -51.4459334 50.39572097 -12.80316479
v -70.47497408 50.3956134 7.00906349
v -60.82030238 50.39627011 6.9024667
v -51.52668631 50.39588514 6.95332224
v -42.43107736 50.39630408 6.87449983
v -42.18913566 50.39576626 -2.96143636
v -61.35975152 50.39518314 16.62114446
v -52.18152992 50.39544922 16.93905667
v -42.54446771 50.39619085 16.58213379
v -32.52267994 50.39530769 15.63571155
v -32.84332232 50.39611726 6.54361614
v -52.0140684 50.39588514 26.34340087
v -42.01330956 50.3965645 25.41306382
v -32.03975896 50.39587382 24.53487308
v -22.13451914 50.3951888 23.94602053
v -22.46854627 50.39574361 14.7456165
v -41.38869734 50.39589647 34.65311541
v -31.67840894 50.39556811 33.91482128
v -22.11946855 50.39551716 33.55765779
v -12.69127892 50.39543224 33.51003769
v -12.61637981 50.39570398 23.91256502
v -31.54378584 50.39619652 43.36256648
v -22.079286 50.39657582 42.96687496
v -12.56406507 50.39599837 42.79318034
v -2.84757328 50.39599837 42.69507551
v -2.98394183 50.39577758 33.52854734
v -22.05292836 50.39649656 50.65255191
v -12.4924764 50.39641731 50.53454192
v -2.82712251 50.39619085 50.47339412
v 6.86214969 50.39667773 50.42854523
v 6.95337814 50.3962871 42.54569905
v -12.47436446 50.30851982 56.45002664
v -2.85274931 50.31227327 56.40644589
v 6.77543047 50.32804002 56.30595199
v 16.32072144 50.33177648 56.23701423
v 16.43989057 50.3962871 50.32121248
v -2.87529707 48.16648999 61.00675193
v 6.71974512 48.27213568 60.906994
v 16.24941442 48.27705536 60.89928896
v 25.69479603 48.23482199 60.94441525
v 25.74404658 50.32407144 56.27541489
v 6.67566405 44.17095045 64.22615149
v 16.1958641 44.18215418 64.22232445
v 25.65463753 44.18025198 64.21446655
v 35.07196452 44.31531382 64.13770486
v 35.09365866 48.24369892 60.93596292
v 16.15003863 38.43295342 65.38905795
v 25.61923737 38.54230444 65.39004868
v 35.05201973 38.78995556 65.38973164
v 44.46001122 39.11112728 65.38943159
v 44.4658735 44.47485517 64.02423525
v 25.58814829 31.26588634 65.39158289
v 35.03538114 31.46506817 65.39092618
v 44.4606651 31.75010375 65.39067708
v 35.0241944 22.21783096 65.39102808
v 44.469927 22.37011734 65.38985619
v 53.90974637 22.48318359 65.39117528
v 44.48330468 12.70034693 65.39072237
v 53.95047949 12.75784743 65.39090919
v 63.44878018 12.77328723 65.39086957
v 53.97403053 3.11854971 65.39068274
v 63.4787738 3.15107039 65.38694628
v 72.96135303 3.1670137 65.39041666
v 63.48226682 -6.43674903 65.39122057
v 72.97421553 -6.38959811 65.39229055
v 80.95642901 -6.35667406 65.39201315
v 72.9489208 -15.92158359 65.39214902
v 80.93706167 -15.83637806 65.39277176
v 86.91474719 -15.78969349 64.86932148
v 91.30979115 -15.78421193 62.16003982
v 80.8467185 -25.21129477 65.39118094
v 86.7345081 -25.03495915 64.92991447
v 91.17588421 -24.98390829 62.29613768
v 86.46542608 -33.63183792 65.00843116
v 90.92541658 -33.47038588 62.53056682
v 94.01860293 -33.65814319 58.27611014
v 94.13468807 -25.06766453 57.99731332
v 94.17811597 -15.8185605 57.88820858
v 94.87796698 -25.30263432 52.134241
v 94.87845951 -15.89748198 51.88572652
v 94.8781255 -25.64661546 43.98257888
v 94.87768392 -34.1656201 52.37399744
v 94.87978992 -34.80965343 43.89759131
v 94.87986352 -34.83628706 34.28543604
v 94.76379536 -41.55871777 43.76874558
v 94.76310468 -41.58044021 34.27684783
v 94.74738323 -41.67423961 24.66003896
v 94.87986352 -34.86840367 24.65605057
v 94.72498709 -41.79498401 15.02878668
v 94.87879919 -34.90310749 15.03762257
v 94.7176557 -41.83744382 5.3966859
v 94.87889544 -34.93636202 5.41382162
v 94.71321157 -41.83237978 -4.22233582
v 94.87839724 -34.98328578 -4.20913754
v 94.71932578 -41.83557559 -13.823678
v 94.87899168 -35.0420445 -13.81283235
v 94.71318326 -41.88629243 -23.3774397
v 94.87716307 -35.1517267 -23.38042321
v 94.69884883 -41.95141163 -32.84130407
v 94.87928607 -35.33174217 -32.88921855
v 94.67979286 -42.01751874 -42.05654497
v 94.87906527 -35.54178806 -42.27082268
v 94.68339345 -41.98900556 -50.35062298
v 94.8778764 -35.50614446 -50.63725505
v 94.59450524 -35.21154409 -56.76919426
v 94.52904353 -26.44454298 -57.01406851
v 92.10542585 -35.04691323 -61.49841962
v 91.95396319 -26.39909682 -61.67204631
v 91.79783561 -16.99197151 -61.84622214
v 87.6406289 -26.47695964 -64.77408128
v 87.79060263 -35.16812185 -64.71176159
v 81.91488295 -35.53789308 -65.56777415
v 81.7530148 -42.60073546 -65.20580138
v 73.51193231 -42.64786869 -65.19537324
v 81.67252797 -47.32699714 -62.08435944
v 73.45093737 -47.31040101 -62.09645765
v 64.21146606 -47.25167342 -62.14572803
v 73.59672173 -50.35154577 -57.56876356
v 64.26307455 -50.3370415 -57.61443334
v 54.71723585 -50.34117425 -57.60893621
v 64.35516706 -50.59293266 -51.39777265
v 54.75105085 -50.59583125 -51.27238032
v 45.13764442 -50.59291002 -51.24250559
v 54.79394659 -50.59312515 -43.09532723
v 45.15784397 -50.59290436 -43.12996311
v 35.53439722 -50.59289303 -43.18914078
v 45.1726766 -50.5928534 -33.51845606
v 35.54107756 -50.59287605 -33.59940995
v 25.92546606 -50.59291002 -33.68471738
v 35.54045765 -50.59301192 -23.96113622
v 25.92340251 -50.59286473 -24.05656891
v 16.3203577 -50.59293266 -24.15793181
v 25.91431894 -50.59291002 -14.41556643
v 16.31387974 -50.59290436 -14.52332379
v 6.72409938 -50.59296663 -14.64025529
v 16.30166406 -50.59297229 -4.87109069
v 6.71704892 -50.59294398 -4.99282546
v -2.8600593 -50.59291002 -5.12706571
v 6.70592304 -50.59289303 4.67798273
v -2.8647113 -50.59291568 4.54060117
v -12.43044544 -50.59291002 4.38679614
v -2.87220528 -50.59288171 14.23861939
v -12.43092806 -50.59291568 14.08426946
v -21.98602159 -50.59291002 13.90815463
v -12.43391582 -50.59288737 23.82208881
v -21.98170767 -50.592927 23.64955618
v -31.52529318 -50.59294398 23.4477291
v -21.98051031 -50.59290436 33.44524684
v -31.51597466 -50.59296097 33.25219621
v -41.04580318 -50.59288737 33.02152617
v -31.51100969 -50.59291002 43.08057102
v -41.03168954 -50.59291002 42.86859463
v -50.54288103 -50.59288737 42.6326058
v -50.56955146 -50.59548591 32.74607236
v -60.05228921 -50.59287039 42.32078091
v -60.09410364 -50.59289869 32.41091721
v -69.60650665 -50.59289869 41.88480917
v -69.63393003 -50.59288737 32.00889917
v -78.60198686 -50.59294965 41.2964548
v -78.41311994 -50.59284774 31.5861664
v -85.31410267 -50.57830384 40.77013707
v -85.12392232 -50.57945309 31.22242447
v -90.23871679 -48.76478844 40.37674403
v -90.28096714 -48.73223592 30.92152873
v -93.5907212 -44.78865586 40.09306716
v -93.7374963 -44.58294371 30.65382242
v -95.0675076 -39.4780169 39.8784894
v -95.06993631 -39.12219797 30.38564621
v -95.07165168 -32.46222848 39.64670409
v -95.07124973 -32.12233199 30.07474411
v -95.07161771 -23.25353629 39.27901906
v -95.07061 -22.9713894 29.68575557
v -95.07218951 -13.67525688 38.80567136
v -95.07160639 -13.39870194 29.25639624
v -95.07182152 -13.11471511 19.72657904
v -94.40251327 -3.85349518 28.81287798
v -94.74169361 -3.53943973 19.30926415
v -95.03396435 -3.24851992 9.8209493
v -95.07243294 6.05025854 18.8861917
v -95.0724103 6.36290079 9.42381131
v -95.07307267 6.69021361 -0.02284871
v -95.07195739 16.03262309 9.06045647
v -95.07235368 16.33357685 -0.38567056
v -95.07229707 16.62030092 -9.86036475
v -95.07252352 25.91126466 -0.73826502
v -95.07167433 26.19940831 -10.22019613
v -95.07243294 26.54262233 -19.74425648
v -95.07143655 34.62887935 -10.5383355
v -95.0724386 34.9949226 -20.05961262
v -95.0722631 35.28079605 -29.61138579
v -94.95555522 41.32987068 -20.29706914
v -94.94965614 41.35903774 -29.84141609
v -92.65076842 45.79801346 -20.4798077
v -94.97504711 41.12605224 -10.7854297
v -92.69262247 45.74393381 -10.97234277
v -89.41401694 49.18522555 -11.13058626
v -92.74692009 45.67719264 -1.53219213
v -89.39748592 49.18993576 -1.70591585
v -84.70506472 50.3923072 -1.87522773
v -89.43148774 49.17139497 7.66188034
v -84.80925545 50.39010495 7.47550793
v -78.87434678 50.39574361 7.252216
v -85.09430801 50.3862496 16.80586447
v -79.29230423 50.39621916 16.63154994
v -70.92504248 50.39530769 16.52958552
v -79.77604609 50.39662678 26.14340098
v -71.31077011 50.39425469 26.27257789
v -61.74186157 50.39707968 26.55431859
v -71.21925505 49.602832 35.78726241
v -61.47182846 49.60393596 35.98355981
v -51.40925944 50.39727216 35.52743098
v -60.95476413 49.6026565 45.29644697
v -50.95776439 50.3964909 44.84204201
v -41.12442744 50.39580022 44.06334878
v -50.83854855 50.39743634 52.04677944
v -41.09698991 50.39633239 51.42731902
v -31.55746639 50.39642297 50.91910332
v -41.13827217 50.25815116 56.80245445
v -31.58711467 50.29133209 56.58435818
v -22.04661317 50.30867834 56.46344961
v -31.60257287 48.15353692 61.02139207
v -22.04686792 48.11963134 61.06199498
v -12.47489237 48.104142 61.07416679
v -22.05047984 44.04270765 64.30051845
v -12.48085515 44.02202405 64.31507367
v -2.89782324 44.0855128 64.2787677
v -12.48977313 38.37596669 65.39028645
v -2.92111227 38.37122817 65.3909375
v 6.63386731 38.3900407 65.39014492
v -2.94430276 31.06941344 65.39114697
v 6.59751959 31.07833567 65.39034306
v 16.1103472 31.14807733 65.39073935
v 6.56829308 21.94762943 65.39135644
v 16.07882503 21.99335723 65.39025814
v 25.56301208 22.08503647 65.39122623
v 16.05794612 12.49266888 65.39108469
v 25.54723401 12.54671174 65.39099978
v 35.01993143 12.62185571 65.39128284
v 25.54050554 2.96447613 65.39035439
v 35.02080044 3.01521596 65.39054687
v 44.49445462 3.07037056 65.39129982
v 35.02516814 -6.60001481 65.3914357
v 44.50187377 -6.54578584 65.39133379
v 53.9813959 -6.49012668 65.39116395
v 44.50744167 -16.16471416 65.39227357
v 53.97596104 -16.09682941 65.39248304
v 63.45948572 -16.01669641 65.39197918
v 53.96383452 -25.71453135 65.39179802
v 63.40206872 -25.62800956 65.3913621
v 72.82178478 -25.45653984 65.39184897
v 63.32669405 -34.51032871 65.39157723
v 72.5442844 -34.42966071 65.39144702
v 80.61979626 -34.01671069 65.39156024
v 72.3103025 -41.34050828 65.29605962
v 80.33428512 -40.93727872 65.33030488
v 72.26732185 -46.29069171 62.75901762
v 80.28312387 -45.88504477 63.08283883
v 72.44745904 -49.91539853 58.67335853
v 80.63240399 -49.69308459 59.12643309
v 72.8500517 -50.592927 52.74265055
v 81.16055316 -50.59434233 52.94869389
v 87.74075481 -50.09567725 52.62796376
v 92.09457878 -46.44458024 52.37120641
v 81.76387886 -50.59294398 44.05196672
v 87.6736683 -50.12237033 43.83404595
v 92.00917794 -46.54884739 43.7206471
v 94.7829872 -41.37501113 52.37480134
v 87.70259759 -50.11142701 34.31105346
v 91.95828277 -46.61194834 34.2782575
v 87.67583658 -50.11921698 24.66617865
v 91.88203626 -46.70586946 24.66091363
v 87.62006136 -50.14058276 15.01102149
v 91.82051482 -46.78137433 15.01896431
v 87.50997721 -50.17709254 5.36197394
v 91.74870111 -46.86943883 5.38122027
v 87.4346535 -50.19936979 -4.26478715
v 91.72245528 -46.90294245 -4.24247522
v 87.4273221 -50.1995283 -13.86831883
v 91.74096777 -46.8805265 -13.84293636
v 87.5254892 -50.16941014 -23.42963131
v 91.78622427 -46.8234605 -23.39462036
v 87.65412546 -50.12850718 -32.90262453
v 91.82564396 -46.77394953 -32.84395073
v 87.79745848 -50.07672319 -42.13021275
v 91.87730341 -46.71241676 -41.99884208
v 87.9704794 -50.01015186 -50.47982537
v 91.95991323 -46.60894219 -50.23803653
v 82.1294409 -50.59293832 -42.42362424
v 82.20231893 -50.59617659 -50.94851382
v 81.86402741 -50.35611445 -57.5290608
v 73.87312382 -50.59290436 -51.54365326
v 74.13778435 -50.59290436 -42.80070705
v 64.46384155 -50.59286473 -43.04116265
v 74.19456728 -50.59289303 -33.16986662
v 64.52788228 -50.59284774 -33.3239533
v 54.82824279 -50.59512925 -33.43379401
v 64.54350749 -50.59296663 -23.67372572
v 54.8415865 -50.59288171 -23.77458052
v 45.17700184 -50.5928534 -23.86874366
v 54.83388712 -50.59289869 -14.12995623
v 45.16707191 -50.59281944 -14.22061077
v 35.5299446 -50.59281944 -14.31527634
v 45.14124502 -50.59303457 -4.56534887
v 35.50802401 -50.59298928 -4.65852835
v 25.89704629 -50.59293832 -4.76012231
v 35.47401936 -50.59287039 5.01382432
v 25.87146849 -50.59299494 4.91286407
v 16.28360589 -50.59299494 4.80135858
v 25.83784032 -50.59299494 14.60549061
v 16.26010297 -50.592927 14.49588625
v 6.69093048 -50.59288737 14.37466347
v 16.23208515 -50.59291568 24.21156422
v 6.67268125 -50.59286473 24.09817103
v -2.88237883 -50.59284774 23.97005278
v 6.6522694 -50.59290436 33.84805746
v -2.8948162 -50.59286473 33.73712695
v -12.43971866 -50.59279679 33.60446266
v -2.90855867 -50.59291568 43.4898044
v -12.44818232 -50.59284208 43.38415022
v -21.9821068 -50.59283642 43.26329543
v -12.45535095 -50.59289869 51.45918086
v -21.98580929 -50.59425741 51.35904929
v -31.51126728 -50.59356107 51.20165924
v -21.9908889 -50.30488526 57.55433855
v -31.51195513 -50.32823816 57.45489765
v -41.02242764 -50.34850565 57.38075149
v -41.0240496 -50.59320441 51.07965238
v -50.50715251 -50.35108721 57.36792297
v -50.52151525 -50.59511793 50.97969064
v -59.95362392 -50.33160098 57.45460327
v -59.99690462 -50.59288171 50.90499533
v -69.28232312 -50.2926908 57.59580763
v -69.45073573 -50.59285907 50.84977493
v -78.1264539 -50.32661903 57.45945501
v -78.51701628 -50.59285907 50.54463037
v -85.1368018 -50.39899886 56.93852401
v -85.43018781 -50.56854374 49.72028718
v -90.24822779 -48.75372058 49.19358164
v -93.60630678 -44.76727593 48.89414369
v -95.06339183 -39.77712083 48.79659368
v -95.01215699 -32.59593161 55.09931193
v -95.07084211 -32.66095458 48.64121339
v -95.03293399 -23.5463675 54.79041959
v -95.07126671 -23.44095959 48.24348379
v -95.04657208 -14.10534227 54.45779504
v -95.07149883 -13.91189251 47.75698487
v -95.05110113 -4.60089446 54.18035694
v -95.02844457 -4.41118329 47.32610265
v -94.71419664 -4.13684121 38.32401569
v -95.07221781 5.13112629 46.98309526
v -95.0729368 5.42438492 37.85720397
v -95.07260278 5.73606934 28.36151031
v -95.07235368 15.02706847 37.35261433
v -95.07225744 15.38307564 27.89386638
v -95.07232538 15.70588347 18.47136495
v -95.07183284 25.17376029 27.42827467
v -95.07187813 25.4626767 18.07953444
v -95.07123841 25.68477268 8.70021111
v -95.07285188 34.25133231 17.70468219
v -95.07230273 34.29485929 8.34644016
v -95.07229707 34.36858934 -1.06614424
v -95.00256107 40.88959351 8.06677362
v -94.99528629 40.94683218 -1.3290127
v -92.77391887 45.64510434 7.84944588
v -94.99971343 40.88470781 17.41007758
v -92.83071312 45.57259713 17.19055891
v -89.6594177 49.02450665 16.99910476
v -92.96351045 45.40191149 26.47977897
v -89.88178259 48.85354078 26.31821937
v -85.50166184 50.36953741 26.19508023
v -90.15426139 48.64045478 35.47771336
v -85.84782823 50.351308 35.4460808
v -79.95362437 49.60148461 35.54904869
v -85.95390418 50.33790768 44.28195739
v -79.80767583 49.60532864 44.62175482
v -70.77671619 49.60353401 45.19292994
v -79.32389433 50.39505293 52.1520345
v -70.34869293 49.6025546 52.53647134
v -60.64557174 50.39383575 52.48472132
v -70.1322441 50.09314099 57.6017973
v -60.5233271 50.11993596 57.47560672
v -50.79972329 50.18839251 57.17519503
v -60.47115813 47.89595302 61.26871201
v -50.80463165 48.09240044 61.08702363
v -41.17537639 48.17555375 61.00171902
v -50.81487296 44.50188792 64.00970267
v -41.19511454 44.41845438 64.07182987
v -31.61395777 44.19232189 64.21529877
v -41.20819783 39.04840564 65.38662924
v -31.62336969 38.66472175 65.38996942
v -22.05643837 38.44136896 65.39147533
v -31.63105492 31.44531303 65.39107903
v -22.06327298 31.22616093 65.39111866
v -12.50131087 31.11495867 65.38990714
v -22.06817426 22.13604769 65.3920641
v -12.51201782 22.0117395 65.39112999
v -2.96415803 21.95147912 65.39189426
v -12.51788152 12.54922395 65.3917131
v -2.97734888 12.48755531 65.39174707
v 6.54909629 12.47050203 65.39093184
v -2.98415059 2.93931763 65.389358
v 6.53862357 2.91826463 65.39162818
v 16.04717831 2.92903952 65.3894599
v 6.53593587 -6.69437821 65.3917131
v 16.04491379 -6.68188583 65.39022418
v 25.54110564 -6.64769081 65.39106771
v 16.0498179 -16.33468789 65.39127718
v 25.54796715 -16.28640966 65.39312277
v 35.03330061 -16.22771604 65.39085258
v 25.56048147 -25.93232756 65.39194521
v 35.04709156 -25.84976303 65.39171876
v 44.5152571 -25.77942976 65.39199617
v 35.06541722 -34.55555407 65.39101676
v 44.53129842 -34.49534888 65.39179802
v 53.96020562 -34.49190398 65.39222828
v 44.55807924 -41.44912332 65.28676376
v 53.97833313 -41.48931295 65.28190069
v 63.28853117 -41.46269631 65.28351416
v 54.01589591 -46.67566354 62.44483762
v 63.31343527 -46.55684682 62.54237065
v 54.07753625 -50.16475655 57.99924383
v 63.40967752 -50.0773516 58.2656254
v 54.16793603 -50.59582559 51.95335086
v 63.57917711 -50.59296097 52.25225099
v 54.29562119 -50.59289303 44.10267223
v 63.82291344 -50.59297795 44.26074164
v 73.44326629 -50.59289303 44.27075932
v 64.07068063 -50.59290436 34.42457686
v 73.76727999 -50.59294398 34.42447213
v 81.73711785 -50.59297229 34.36839969
v 73.92329434 -50.59397434 24.67148047
v 81.75122583 -50.59562745 24.67307413
v 74.0136828 -50.59293832 14.97250336
v 81.74990108 -50.59255335 14.99575719
v 74.08721754 -50.59225897 5.30364724
v 81.71254777 -50.59159093 5.33956082
v 74.14472512 -50.59200421 -4.3410977
v 81.66941425 -50.59173246 -4.29637796
v 74.15416252 -50.592927 -13.96544142
v 81.65627436 -50.59290436 -13.90736771
v 74.15359073 -50.59296663 -23.5705611
v 81.72766346 -50.59598411 -23.48641848
v 81.89290009 -50.59293266 -33.01258414
v 64.53682714 -50.59296097 -14.04304664
v 64.50879234 -50.59284774 -4.40447358
v 54.80551264 -50.59299494 -4.48044516
v 64.45423997 -50.59288737 5.25130738
v 54.75524022 -50.59298361 5.18438753
v 45.09849081 -50.59289869 5.10459138
v 54.68024486 -50.59289303 14.87114611
v 45.03808747 -50.59297795 14.79454011
v 35.42823069 -50.59293266 14.70524146
v 44.96036053 -50.59287605 24.50859046
v 35.37176197 -50.59289869 24.41528925
v 25.79769881 -50.59288171 24.31598423
v 35.30853647 -50.59285907 34.13379222
v 25.75349248 -50.59288171 34.03349647
v 16.20131877 -50.59292134 33.94270606
v 25.7099004 -50.59293832 43.67486127
v 16.17100812 -50.59299494 43.63372903
v 6.63149806 -50.59295531 43.57747543
v 16.14577991 -50.59301758 51.69283441
v 6.61333162 -50.59296097 51.67282734
v -2.92153758 -50.592927 51.54962027
v 6.59909838 -50.21557812 57.8490946
v -2.93141196 -50.24234478 57.76636023
v -12.46173691 -50.26869252 57.67350344
v -2.94029986 -46.81107922 62.3329928
v -12.47021896 -46.85423255 62.29833993
v -21.99454894 -46.9333918 62.23179691
v -12.47774567 -41.76454598 65.24189788
v -22.00048057 -41.7499398 65.24650053
v -31.51644738 -41.74338118 65.24736104
v -31.51548213 -46.97887193 62.19443227
v -41.03430506 -41.71111172 65.25119941
v -41.02359953 -47.01191982 62.16550298
v -50.53083376 -41.6937315 65.26039904
v -50.50723177 -47.00841547 62.16960177
v -59.95061776 -41.65502513 65.26358069
v -59.93511144 -46.96246828 62.20680789
v -69.24963472 -41.67015498 65.25924979
v -69.19969065 -46.91031631 62.25149826
v -78.03900366 -41.40966966 65.29201179
v -77.92191081 -46.81700095 62.32902423
v -84.98688468 -40.48674892 65.2945707
v -84.95939902 -46.65375994 62.39904896
v -78.31849116 -33.85085132 65.39149231
v -85.01349849 -33.14457472 65.31169616
v -89.84573704 -32.69741907 63.50564237
v -85.04361099 -24.09705576 65.30777853
v -89.942636 -23.82899703 63.44142614
v -93.41949491 -23.65612613 59.77293192
v -93.32063147 -32.5414953 59.94169554
v -90.05914574 -14.44165374 63.36118275
v -93.51870369 -14.26557571 59.61091092
v -90.19107688 -4.93711783 63.28284155
v -93.60292698 -4.76763805 59.45594957
v -90.31504822 4.55909666 63.17470489
v -93.69447601 4.71012871 59.30258471
v -95.06383341 4.89898467 53.92979873
v -93.79489065 14.16486527 59.12701054
v -95.06655084 14.37501731 53.70296706
v -95.07213855 14.66320341 46.59343303
v -95.07099497 23.72664764 53.34720475
v -95.07089307 24.19621075 46.05078525
v -95.07181586 24.74374708 36.78953488
v -95.07106291 33.3025394 45.26047501
v -95.07282357 33.77989247 36.2385027
v -95.071663 34.09594637 27.00743561
v -95.04329985 40.28602156 35.84589093
v -95.01741634 40.68117526 26.69948022
v -93.23874064 45.05522426 35.60437666
v -95.05437903 40.01361635 44.62450621
v -93.45344578 44.77691431 44.25605973
v -90.35102584 48.47157793 44.16212447
v -93.61648016 44.56004655 51.77256262
v -90.51705505 48.32048892 51.59324066
v -86.04662509 50.3302819 51.75671662
v -79.03969663 50.13393638 57.42547017
v -78.85411892 47.86964492 61.2943351
v -70.01170917 47.80628355 61.3514294
v -78.87361081 44.23962495 64.18619398
v -69.9829101 44.20990308 64.20523862
v -60.44796375 44.35561102 64.10881521
v -70.02978573 39.37719465 65.38494784
v -60.45333633 39.43061759 65.38716707
v -50.82347248 39.37667947 65.38764262
v -60.46891626 32.38353063 65.39084126
v -50.82757127 32.12918217 65.39106205
v -41.21637276 31.77205831 65.39007698
v -50.82300826 22.84817242 65.39046761
v -41.2167917 22.5789418 65.39123755
v -31.63406957 22.32872751 65.39138474
v -41.20491427 13.00503433 65.39166781
v -31.62974716 12.81385617 65.39142437
v -22.06850262 12.6586061 65.39192823
v -31.61704884 3.23094156 65.39244907
v -22.06323901 3.09510376 65.39134511
v -12.51882413 2.99736904 65.39085824
v -22.05292836 -6.53868231 65.39187728
v -12.51488952 -6.62719051 65.39210373
v -2.98463092 -6.67804888 65.39153194
v -12.50672591 -16.32262788 65.39071671
v -2.97942605 -16.36125641 65.39142437
v 6.5399837 -16.36293357 65.3930152
v -2.9698756 -26.10083642 65.39225659
v 6.54987401 -26.07641071 65.39213204
v 16.05964027 -26.01529405 65.39165083
v 6.56172242 -34.89095832 65.39207542
v 16.07499798 -34.79328376 65.391815
v 25.57670678 -34.66866136 65.39196786
v 16.09591086 -41.71940836 65.25650406
v 25.59574293 -41.56655302 65.27315397
v 35.09045719 -41.454394 65.28457849
v 25.61932512 -46.74539389 62.38641291
v 35.11712761 -46.71073535 62.41610648
v 44.59193953 -46.69612918 62.42669879
v 35.14793929 -50.21438358 57.85519183
v 44.63531648 -50.20337233 57.88334551
v 35.19123981 -50.59491978 51.63046943
v 44.69461586 -50.59513491 51.72668337
v 35.24474484 -50.59289303 43.75733522
v 44.77391382 -50.5928534 43.91170496
v 44.86887944 -50.59289303 34.24608145
v 54.44464382 -50.59541798 34.35363217
v 54.57720903 -50.59292134 24.58879422
v 64.2504102 -50.59293832 24.64523464
v 64.37155655 -50.59294965 14.9317391
v 25.67285845 -50.59635209 51.65306371
v 25.64455191 -50.20796365 57.86743724
v 16.12470852 -50.20511036 57.88440984
v 16.1075307 -46.77975237 62.35700808
v 6.58688623 -46.79931785 62.3403242
v 6.57971123 -41.77867378 65.24858955
v -2.94886153 -41.7695987 65.23949183
v -2.95952142 -34.91684749 65.39096581
v -12.48429015 -34.91641157 65.39062047
v -12.49534668 -26.07996884 65.39079031
v -22.02372025 -26.01303235 65.39208109
v -22.01149182 -34.86612782 65.39156591
v -31.5521759 -25.89556869 65.39274346
v -31.53498817 -34.77881628 65.39133379
v -41.07728289 -25.73830318 65.39107337
v -41.04948869 -34.6613696 65.38951651
v -50.59301758 -25.55683842 65.39278309
v -50.54631744 -34.55542669 65.3915376
v -60.10051224 -25.32106472 65.39189426
v -60.00972183 -34.45977039 65.39203579
v -69.62358116 -24.95964392 65.39186029
v -69.41317295 -34.33874292 65.3908639
v -78.48325223 -24.49337286 65.3918886
v -69.75252313 -15.21332412 65.39122057
v -78.49485225 -14.90174974 65.39240944
v -85.08806925 -14.64373841 65.30246823
v -78.49371433 -5.32540507 65.39203013
v -85.13266904 -5.1122858 65.30454027
v -78.66191182 4.23100789 65.39182633
v -85.35399225 4.40390709 65.27666398
v -78.89912632 13.74669835 65.39063745
v -85.56355126 13.87674286 65.24835177
v -90.45524488 14.00780216 63.06721928
v -85.74722677 23.18529629 65.21654654
v -90.63221739 23.25175723 62.92745289
v -93.9449493 23.41984574 58.85011592
v -90.8660521 31.92065918 62.74098069
v -94.13255376 32.12403038 58.46107077
v -95.07128936 32.63330475 52.85567292
v -94.30655975 39.21685223 58.04404177
v -95.06174439 39.5731835 52.22541072
v -91.25144004 39.09367913 62.38770369
v -86.07114989 39.24528332 65.14890522
v -85.94087184 32.02165693 65.17883656
v -79.17600396 32.27012895 65.39169612
v -79.03884177 39.33815992 65.38621031
v -79.08002213 23.19172329 65.39109602
v -70.17804975 23.19054857 65.3910111
v -70.13124771 32.44389716 65.3910394
v -70.10379036 13.59800973 65.39052989
v -60.42740754 13.41769846 65.39026947
v -60.46635168 23.07214371 65.39182066
v -69.95736627 4.02782705 65.39163384
v -60.35904157 3.80670375 65.39081861
v -50.76108486 3.59474081 65.39170178
v -50.80065175 13.21382906 65.39118094
v -69.83529147 -5.57251696 65.39329261
v -60.2798342 -5.82434578 65.39253965
v -50.7100425 -6.05337226 65.39244907
v -41.15005619 -6.2501997 65.39286801
v -41.18179914 3.40006255 65.39047893
v -60.19549768 -15.51457369 65.39168479
v -50.6522462 -15.76377602 65.39211505
v -41.11348413 -15.96351973 65.39020153
v -31.57503344 -16.12291955 65.39099978
v -31.59803816 -6.41246555 65.3924887
v -22.03898031 -16.24326341 65.39105639
v 44.47675737 48.26098856 60.91626157
v 44.49014071 50.29086786 56.56202432
v 35.11670584 50.31758358 56.3906848
v 35.13168284 50.39694947 50.46857635
v 25.81500826 50.39692116 50.2779714
v 26.01337203 50.39610027 42.24333986
v 16.62690767 50.39623614 42.32617613
v 16.64256119 50.39586816 32.91983774
v 6.87693349 50.39550017 33.33887368
v 6.53733704 50.39595308 24.05721713
v -3.09604778 50.39550017 24.12387621
v -3.11521768 50.39709666 14.32497841
v -12.59981623 50.39597006 14.2721032
v -12.90342657 50.39765147 5.29260345
v -22.98569269 50.39611726 5.91350892
v -23.07964353 50.3956134 -2.98042297
v -32.75669014 50.39542658 -2.95744195
v -32.4859154 50.39534732 -12.50250682
v -42.1369299 50.39610027 -12.76648375
v -42.04883993 50.39610593 -22.2763505
v -51.73211823 50.39559642 -22.55011724
v -51.45683708 50.39535298 -32.17648807
v -61.26940836 49.60976145 -31.95147651
v -60.94870087 49.60403786 -41.87588694
v -70.63019585 49.60282634 -41.43675619
v -70.15041124 49.60348872 -50.68420428
v -78.96549951 49.60081092 -49.84699294
v -78.56034794 50.30049209 -56.78109999
v -85.21720371 50.27118915 -56.37996794
v -85.16078876 47.16911172 -61.97982903
vt 0.3893 0.23505
vt 0.39597 0.22716
vt 0.40548 0.23078
vt 0.39301 0.2403
vt 0.37797 0.24755
vt 0.37744 0.2383
vt 0.38255 0.22716
vt 0.68191 0.48033
vt 0.68803 0.47567
vt 0.69136 0.48416
vt 0.6826 0.48755
vt 0.67618 0.47754
vt 0.68197 0.46855
vt 0.67436 0.48645
vt 0.71369 0.13101
vt 0.73561 0.15722
vt 0.70577 0.14687
vt 0.68366 0.12319
vt 0.64423 0.09645
vt 0.66141 0.09087
vt 0.77155 0.16013
vt 0.77487 0.18041
vt 0.51513 0.4467
vt 0.5122 0.44131
vt 0.52342 0.43775
vt 0.52309 0.44642
vt 0.5196 0.45609
vt 0.50975 0.45314
vt 0.50171 0.44794
vt 0.71703 0.95297
vt 0.71166 0.94065
vt 0.74493 0.92534
vt 0.75116 0.94021
vt 0.00435 0.08556
vt 0.01787 0.08069
vt 0.02071 0.09695
vt 0.00226 0.09813
vt 0.68821 0.96834
vt 0.67999 0.95381
vt 0.6028 0.69532
vt 0.6083 0.68879
vt 0.61526 0.6939
vt 0.60524 0.70073
vt 0.59443 0.70322
vt 0.59538 0.69501
vt 0.60005 0.68588
vt 0.09261 0.62016
vt 0.09281 0.58411
vt 0.11011 0.60689
vt 0.11238 0.64411
vt 0.06523 0.56581
vt 0.07501 0.54777
vt 0.12604 0.69126
vt 0.1066 0.6838
vt 0.43106 0.64913
vt 0.43134 0.64211
vt 0.44041 0.64501
vt 0.43715 0.6532
vt 0.42978 0.66054
vt 0.42431 0.65273
vt 0.42075 0.64378
vt 0.40906 0.64871
vt 0.40742 0.63598
vt 0.42069 0.63223
vt 0.4313 0.63163
vt 0.41239 0.65932
vt 0.40015 0.66575
vt 0.39518 0.65419
vt 0.41951 0.6685
vt 0.40697 0.67719
vt 0.39504 0.68433
vt 0.38711 0.67202
vt 0.42968 0.67753
vt 0.41778 0.68743
vt 0.40576 0.69769
vt 0.39477 0.70546
vt 0.38298 0.69138
vt 0.43356 0.69937
vt 0.42225 0.7107
vt 0.41137 0.72163
vt 0.40154 0.72993
vt 0.38365 0.71312
vt 0.44332 0.72438
vt 0.43417 0.73618
vt 0.42516 0.74765
vt 0.41689 0.75655
vt 0.39168 0.73829
vt 0.45849 0.7487
vt 0.45169 0.76054
vt 0.44472 0.7721
vt 0.43813 0.78132
vt 0.40846 0.76546
vt 0.47963 0.77092
vt 0.47507 0.78238
vt 0.47011 0.79376
vt 0.46513 0.80311
vt 0.43116 0.79063
vt 0.50675 0.78949
vt 0.50414 0.80037
vt 0.50106 0.81147
vt 0.49767 0.82093
vt 0.4597 0.81278
vt 0.53909 0.80311
vt 0.53818 0.81341
vt 0.53694 0.82427
vt 0.53528 0.83393
vt 0.4939 0.83102
vt 0.57507 0.81099
vt 0.57581 0.82082
vt 0.57649 0.83152
vt 0.57678 0.84154
vt 0.5335 0.84457
vt 0.60758 0.81448
vt 0.60954 0.82418
vt 0.61128 0.835
vt 0.61327 0.84557
vt 0.57723 0.85276
vt 0.63503 0.81618
vt 0.63777 0.82618
vt 0.64175 0.837
vt 0.6461 0.84813
vt 0.61653 0.85741
vt 0.66205 0.81609
vt 0.66697 0.82605
vt 0.67245 0.83746
vt 0.67801 0.84992
vt 0.65149 0.861
vt 0.69118 0.81335
vt 0.69695 0.82421
vt 0.70311 0.83722
vt 0.709 0.85213
vt 0.68374 0.86498
vt 0.72441 0.8063
vt 0.73068 0.8192
vt 0.73804 0.83471
vt 0.7471 0.85085
vt 0.7166 0.86935
vt 0.76625 0.79053
vt 0.77637 0.80399
vt 0.78947 0.81854
vt 0.80475 0.8342
vt 0.75914 0.86922
vt 0.81576 0.76152
vt 0.83121 0.77268
vt 0.84944 0.78692
vt 0.86655 0.80089
vt 0.822 0.84978
vt 0.86404 0.72299
vt 0.88399 0.73363
vt 0.90302 0.74529
vt 0.91783 0.75354
vt 0.88036 0.81142
vt 0.90983 0.67653
vt 0.92964 0.68375
vt 0.94618 0.68944
vt 0.96187 0.69491
vt 0.93225 0.76134
vt 0.94668 0.61858
vt 0.96393 0.62093
vt 0.98103 0.62365
vt 0.23937 0.01656
vt 0.24214 0.03506
vt 0.19496 0.04635
vt 0.19133 0.0285
vt 0.97099 0.54934
vt 0.98802 0.54918
vt 0.29207 0.00739
vt 0.29334 0.02569
vt 0.34895 0.00195
vt 0.34866 0.01996
vt 0.34651 0.03949
vt 0.29295 0.04606
vt 0.24313 0.05564
vt 0.28992 0.07119
vt 0.24208 0.08194
vt 0.19763 0.09426
vt 0.19722 0.06718
vt 0.15613 0.1072
vt 0.15475 0.07953
vt 0.15174 0.05877
vt 0.14769 0.04161
vt 0.11548 0.09232
vt 0.11229 0.07154
vt 0.10798 0.05447
vt 0.07635 0.08325
vt 0.07206 0.06581
vt 0.89312 0.82141
vt 0.84586 0.8732
vt 0.83467 0.86181
vt 0.79577 0.91385
vt 0.78607 0.9007
vt 0.7743 0.88701
vt 0.73677 0.90837
vt 0.72668 0.88879
vt 0.70565 0.92315
vt 0.69786 0.90244
vt 0.69031 0.88278
vt 0.66742 0.91458
vt 0.66169 0.89416
vt 0.65688 0.87647
vt 0.62844 0.90457
vt 0.62515 0.88621
vt 0.62086 0.87114
vt 0.58172 0.89496
vt 0.57981 0.87904
vt 0.57832 0.86566
vt 0.52748 0.88232
vt 0.52953 0.86837
vt 0.53164 0.85653
vt 0.48004 0.86427
vt 0.48513 0.85238
vt 0.48976 0.84204
vt 0.4401 0.8421
vt 0.44731 0.83203
vt 0.45372 0.82297
vt 0.40725 0.81678
vt 0.41592 0.8082
vt 0.42367 0.80015
vt 0.38111 0.78903
vt 0.39083 0.78161
vt 0.39964 0.77439
vt 0.36143 0.7596
vt 0.37195 0.7531
vt 0.38165 0.74656
vt 0.35078 0.7324
vt 0.36188 0.72656
vt 0.37244 0.72061
vt 0.34796 0.70933
vt 0.35969 0.70409
vt 0.37097 0.69847
vt 0.35001 0.68908
vt 0.36209 0.68382
vt 0.37402 0.67828
vt 0.35508 0.66966
vt 0.36799 0.66489
vt 0.38095 0.65992
vt 0.36282 0.64973
vt 0.37688 0.64537
vt 0.39121 0.64072
vt 0.37376 0.62596
vt 0.39025 0.62243
vt 0.4067 0.61866
vt 0.39066 0.60082
vt 0.40839 0.59997
vt 0.42211 0.60039
vt 0.42069 0.61721
vt 0.43379 0.60173
vt 0.43223 0.61755
vt 0.44587 0.60425
vt 0.444 0.61988
vt 0.44245 0.63368
vt 0.45607 0.62444
vt 0.45417 0.63922
vt 0.45205 0.65089
vt 0.46908 0.64749
vt 0.46581 0.65904
vt 0.46098 0.66954
vt 0.4472 0.66089
vt 0.44013 0.66916
vt 0.45462 0.67939
vt 0.44549 0.68821
vt 0.47701 0.6774
vt 0.47134 0.68756
vt 0.46379 0.69951
vt 0.4538 0.71163
vt 0.48907 0.69498
vt 0.48283 0.70713
vt 0.47459 0.72261
vt 0.4664 0.73588
vt 0.50241 0.71407
vt 0.49636 0.7294
vt 0.49024 0.74571
vt 0.48496 0.75849
vt 0.51888 0.73517
vt 0.51542 0.75099
vt 0.51245 0.766
vt 0.5098 0.77782
vt 0.54185 0.75453
vt 0.54143 0.7684
vt 0.541 0.78165
vt 0.54027 0.79231
vt 0.57152 0.76793
vt 0.57283 0.77963
vt 0.57391 0.79127
vt 0.57457 0.80096
vt 0.59922 0.77517
vt 0.60127 0.78552
vt 0.60369 0.79593
vt 0.60555 0.80498
vt 0.62208 0.77931
vt 0.62537 0.78867
vt 0.62917 0.79808
vt 0.63234 0.80669
vt 0.64463 0.78071
vt 0.64932 0.78916
vt 0.65391 0.79809
vt 0.65779 0.80669
vt 0.66885 0.77885
vt 0.67417 0.78695
vt 0.67994 0.79556
vt 0.6854 0.80386
vt 0.69724 0.77184
vt 0.70402 0.77938
vt 0.71143 0.78756
vt 0.718 0.79589
vt 0.73301 0.75548
vt 0.74164 0.76204
vt 0.75081 0.76956
vt 0.75826 0.7784
vt 0.77165 0.72943
vt 0.78267 0.73399
vt 0.79313 0.7416
vt 0.80297 0.75109
vt 0.80816 0.69577
vt 0.82 0.70044
vt 0.83267 0.70733
vt 0.84664 0.71493
vt 0.83929 0.65986
vt 0.85253 0.6631
vt 0.86935 0.66692
vt 0.8879 0.67031
vt 0.86677 0.6156
vt 0.88399 0.61471
vt 0.90423 0.61443
vt 0.9263 0.61586
vt 0.89167 0.56077
vt 0.9108 0.55651
vt 0.93368 0.55264
vt 0.95361 0.55014
vt 0.90921 0.49695
vt 0.92962 0.48827
vt 0.94976 0.48073
vt 0.9661 0.4764
vt 0.91551 0.42401
vt 0.93328 0.41156
vt 0.94881 0.40395
vt 0.96355 0.39808
vt 0.9824 0.4734
vt 0.90488 0.34492
vt 0.91811 0.33422
vt 0.93175 0.32533
vt 0.47333 0.01056
vt 0.46948 0.02717
vt 0.40757 0.01949
vt 0.40948 0.00257
vt 0.87461 0.26956
vt 0.88618 0.25817
vt 0.53992 0.02824
vt 0.5335 0.04375
vt 0.60455 0.05554
vt 0.59422 0.06875
vt 0.57893 0.07978
vt 0.52365 0.05882
vt 0.46302 0.04393
vt 0.50718 0.07658
vt 0.45092 0.06526
vt 0.395 0.06115
vt 0.40339 0.03814
vt 0.34089 0.06335
vt 0.38048 0.08962
vt 0.33056 0.09409
vt 0.28252 0.10268
vt 0.31722 0.12489
vt 0.27296 0.13618
vt 0.23054 0.1504
vt 0.23752 0.11537
vt 0.19014 0.16659
vt 0.19511 0.12952
vt 0.15148 0.18333
vt 0.15501 0.14427
vt 0.11416 0.19951
vt 0.11672 0.15877
vt 0.11708 0.12026
vt 0.07948 0.17189
vt 0.08023 0.13269
vt 0.07908 0.10385
vt 0.04757 0.1426
vt 0.04697 0.11266
vt 0.04508 0.0923
vt 0.04104 0.07458
vt 0.02262 0.11832
vt 0.02357 0.14795
vt 0.00332 0.14987
vt 0.00195 0.1198
vt 0.64431 0.98516
vt 0.58445 0.99544
vt 0.58294 0.9769
vt 0.63896 0.96661
vt 0.58309 0.95831
vt 0.63567 0.94737
vt 0.67352 0.93592
vt 0.63304 0.92587
vt 0.58354 0.93599
vt 0.58322 0.91428
vt 0.51936 0.93968
vt 0.52258 0.91723
vt 0.52536 0.89898
vt 0.46156 0.91076
vt 0.46831 0.89282
vt 0.47447 0.87822
vt 0.41348 0.87845
vt 0.42326 0.86485
vt 0.43203 0.85358
vt 0.37515 0.84462
vt 0.38702 0.83471
vt 0.39749 0.82619
vt 0.3459 0.81032
vt 0.35889 0.80327
vt 0.37029 0.79681
vt 0.32476 0.77616
vt 0.33812 0.77108
vt 0.34995 0.76609
vt 0.31369 0.74598
vt 0.32702 0.74217
vt 0.33899 0.73806
vt 0.31114 0.72181
vt 0.32408 0.71844
vt 0.33588 0.71444
vt 0.31301 0.70105
vt 0.32569 0.69778
vt 0.33765 0.694
vt 0.31742 0.6816
vt 0.33006 0.67836
vt 0.34218 0.67445
vt 0.323 0.66006
vt 0.33598 0.65711
vt 0.34874 0.65372
vt 0.33024 0.63406
vt 0.34407 0.63188
vt 0.35788 0.62923
vt 0.34141 0.60474
vt 0.35662 0.60366
vt 0.37213 0.60224
vt 0.3579 0.57843
vt 0.37474 0.57908
vt 0.39215 0.57991
vt 0.37881 0.5565
vt 0.39714 0.55965
vt 0.41433 0.56286
vt 0.41052 0.58133
vt 0.42814 0.56572
vt 0.42478 0.58314
vt 0.44016 0.56858
vt 0.43671 0.58528
vt 0.45266 0.57193
vt 0.44898 0.58818
vt 0.46611 0.57598
vt 0.46228 0.59208
vt 0.459 0.60815
vt 0.47878 0.59785
vt 0.47505 0.61463
vt 0.47237 0.63192
vt 0.49442 0.6228
vt 0.48985 0.64114
vt 0.48587 0.65586
vt 0.50751 0.64878
vt 0.50264 0.66334
vt 0.4984 0.6745
vt 0.48167 0.66719
vt 0.49404 0.68486
vt 0.51566 0.68066
vt 0.51166 0.69103
vt 0.50748 0.70188
vt 0.52968 0.69589
vt 0.52632 0.70669
vt 0.52266 0.72016
vt 0.54538 0.71022
vt 0.54356 0.72314
vt 0.54221 0.73993
vt 0.56469 0.7251
vt 0.56695 0.74051
vt 0.56948 0.75587
vt 0.58911 0.73934
vt 0.59299 0.75222
vt 0.59687 0.7647
vt 0.61056 0.74787
vt 0.61556 0.75871
vt 0.61931 0.76976
vt 0.63104 0.75245
vt 0.63574 0.76243
vt 0.64047 0.77223
vt 0.6518 0.75396
vt 0.65756 0.7627
vt 0.66358 0.77128
vt 0.67722 0.7497
vt 0.68413 0.75719
vt 0.69121 0.76483
vt 0.70901 0.73627
vt 0.71694 0.74259
vt 0.72538 0.7493
vt 0.74265 0.7146
vt 0.75158 0.72005
vt 0.76178 0.72542
vt 0.77448 0.68753
vt 0.78492 0.69073
vt 0.79676 0.69324
vt 0.80282 0.65544
vt 0.81481 0.65526
vt 0.82754 0.6572
vt 0.82802 0.61788
vt 0.8407 0.61686
vt 0.85373 0.61637
vt 0.84876 0.57463
vt 0.8613 0.57048
vt 0.8754 0.56609
vt 0.86328 0.52291
vt 0.87623 0.51461
vt 0.89229 0.50515
vt 0.86999 0.46348
vt 0.88311 0.45051
vt 0.89889 0.43751
vt 0.86543 0.39663
vt 0.8769 0.37982
vt 0.8912 0.3609
vt 0.84626 0.32564
vt 0.85404 0.30283
vt 0.86484 0.28229
vt 0.81524 0.25868
vt 0.8183 0.2347
vt 0.82288 0.21562
vt 0.83007 0.20169
vt 0.78222 0.20484
vt 0.78813 0.23537
vt 0.76485 0.2188
vt 0.75368 0.18759
vt 0.74042 0.20494
vt 0.72498 0.17444
vt 0.71418 0.19324
vt 0.69404 0.16453
vt 0.67276 0.14047
vt 0.64851 0.12031
vt 0.65585 0.15733
vt 0.63401 0.13871
vt 0.6121 0.12257
vt 0.59434 0.14166
vt 0.5741 0.12971
vt 0.55169 0.11889
vt 0.58659 0.10827
vt 0.61877 0.09997
vt 0.55574 0.09252
vt 0.52348 0.10842
vt 0.48288 0.09666
vt 0.49213 0.12452
vt 0.45559 0.11813
vt 0.4098 0.11496
vt 0.43158 0.09031
vt 0.36295 0.11689
vt 0.38779 0.1393
vt 0.34492 0.14502
vt 0.30224 0.15467
vt 0.32721 0.17236
vt 0.28823 0.18549
vt 0.25011 0.20194
vt 0.26136 0.16907
vt 0.21325 0.22114
vt 0.22188 0.18579
vt 0.17761 0.24213
vt 0.18382 0.20422
vt 0.14315 0.26389
vt 0.14713 0.22322
vt 0.10951 0.28516
vt 0.1115 0.24162
vt 0.07628 0.30421
vt 0.07652 0.25781
vt 0.07745 0.21369
vt 0.04654 0.26837
vt 0.04661 0.22307
vt 0.04731 0.18097
vt 0.02382 0.22733
vt 0.02396 0.18537
vt 0.00409 0.22882
vt 0.00402 0.18682
vt 0.51407 0.99804
vt 0.44045 0.98798
vt 0.44429 0.97019
vt 0.5151 0.97935
vt 0.44858 0.95279
vt 0.51682 0.96121
vt 0.45437 0.93292
vt 0.38186 0.93244
vt 0.39136 0.9138
vt 0.40267 0.89524
vt 0.3317 0.88497
vt 0.34742 0.86898
vt 0.36173 0.85655
vt 0.29704 0.83472
vt 0.31511 0.82558
vt 0.33103 0.81835
vt 0.27439 0.78898
vt 0.29328 0.78506
vt 0.30954 0.78137
vt 0.26533 0.75302
vt 0.28338 0.75169
vt 0.29896 0.74966
vt 0.26574 0.72685
vt 0.28232 0.72624
vt 0.297 0.72473
vt 0.27017 0.70564
vt 0.28562 0.70533
vt 0.2995 0.70387
vt 0.27625 0.68608
vt 0.29068 0.68549
vt 0.30401 0.68409
vt 0.28244 0.6638
vt 0.29636 0.66345
vt 0.30947 0.66242
vt 0.28935 0.63642
vt 0.30304 0.6364
vt 0.31615 0.63577
vt 0.29915 0.60498
vt 0.31293 0.60555
vt 0.32638 0.60555
vt 0.31336 0.57542
vt 0.3275 0.57681
vt 0.34159 0.57784
vt 0.3316 0.54867
vt 0.34627 0.55132
vt 0.36115 0.55392
vt 0.35317 0.52551
vt 0.36837 0.52987
vt 0.38384 0.5345
vt 0.37721 0.50649
vt 0.39286 0.51315
vt 0.40927 0.51991
vt 0.4022 0.53952
vt 0.42565 0.5262
vt 0.4196 0.54448
vt 0.43898 0.53116
vt 0.43331 0.54845
vt 0.45093 0.53545
vt 0.44533 0.55204
vt 0.46326 0.53974
vt 0.4578 0.55586
vt 0.47632 0.54418
vt 0.47104 0.56007
vt 0.49246 0.54951
vt 0.48738 0.56539
vt 0.48281 0.58138
vt 0.50785 0.5721
vt 0.50314 0.58839
vt 0.49898 0.60505
vt 0.52375 0.59533
vt 0.51861 0.61251
vt 0.51343 0.63022
vt 0.53817 0.61918
vt 0.53182 0.6372
vt 0.52535 0.65495
vt 0.55048 0.64292
vt 0.54319 0.6605
vt 0.53757 0.67437
vt 0.51996 0.66941
vt 0.53332 0.68555
vt 0.55524 0.67853
vt 0.55112 0.68937
vt 0.54783 0.6998
vt 0.56847 0.6918
vt 0.56562 0.70221
vt 0.56423 0.713
vt 0.58155 0.70351
vt 0.58196 0.71333
vt 0.58436 0.72631
vt 0.59575 0.71305
vt 0.60037 0.72371
vt 0.60554 0.73674
vt 0.6136 0.71933
vt 0.61931 0.73071
vt 0.62562 0.74251
vt 0.63172 0.7234
vt 0.63842 0.73464
vt 0.64593 0.74512
vt 0.6532 0.72362
vt 0.6611 0.73375
vt 0.6702 0.74249
vt 0.68084 0.71597
vt 0.69092 0.72356
vt 0.70115 0.73034
vt 0.71183 0.69991
vt 0.72297 0.7048
vt 0.73404 0.70985
vt 0.74158 0.67783
vt 0.75354 0.68048
vt 0.7651 0.68375
vt 0.7689 0.65073
vt 0.78097 0.65147
vt 0.79237 0.65424
vt 0.79226 0.62029
vt 0.80402 0.62063
vt 0.81652 0.61988
vt 0.81228 0.58546
vt 0.82408 0.58234
vt 0.83668 0.5793
vt 0.82739 0.54326
vt 0.83884 0.53718
vt 0.85162 0.53001
vt 0.8364 0.49498
vt 0.84755 0.48639
vt 0.85932 0.47586
vt 0.83828 0.44428
vt 0.84669 0.42995
vt 0.85612 0.41317
vt 0.82828 0.38751
vt 0.83381 0.36808
vt 0.84037 0.34659
vt 0.81197 0.33492
vt 0.81355 0.31146
vt 0.81495 0.2854
vt 0.79416 0.29047
vt 0.79179 0.2638
vt 0.77666 0.27469
vt 0.77223 0.24817
vt 0.7581 0.26068
vt 0.75111 0.23409
vt 0.73654 0.24703
vt 0.72777 0.22155
vt 0.70704 0.23331
vt 0.69615 0.2092
vt 0.67941 0.18205
vt 0.65555 0.1995
vt 0.6364 0.17621
vt 0.61486 0.15567
vt 0.59682 0.17654
vt 0.57598 0.16031
vt 0.55735 0.14852
vt 0.53829 0.13985
vt 0.54065 0.16837
vt 0.52268 0.15902
vt 0.50566 0.15179
vt 0.4916 0.17171
vt 0.47568 0.16637
vt 0.45831 0.16231
vt 0.48648 0.14649
vt 0.51807 0.13143
vt 0.463 0.14103
vt 0.43614 0.15978
vt 0.40536 0.15916
vt 0.42963 0.13826
vt 0.36644 0.16268
vt 0.38324 0.18054
vt 0.34711 0.18791
vt 0.31036 0.19924
vt 0.33005 0.21315
vt 0.29687 0.22771
vt 0.26393 0.2456
vt 0.27472 0.2156
vt 0.23152 0.2669
vt 0.23964 0.23479
vt 0.20002 0.2911
vt 0.20551 0.25655
vt 0.16963 0.31766
vt 0.17247 0.2803
vt 0.14043 0.34606
vt 0.14052 0.30521
vt 0.11228 0.37545
vt 0.10942 0.3301
vt 0.08462 0.40411
vt 0.07874 0.3532
vt 0.05988 0.42588
vt 0.05193 0.36964
vt 0.0475 0.31702
vt 0.03069 0.37833
vt 0.02547 0.32374
vt 0.02392 0.27342
vt 0.00633 0.32681
vt 0.00455 0.27559
vt 0.36767 0.96624
vt 0.29861 0.9306
vt 0.30805 0.91558
vt 0.37444 0.94919
vt 0.31829 0.90137
vt 0.24696 0.8699
vt 0.26011 0.85842
vt 0.27672 0.84693
vt 0.20945 0.80556
vt 0.22996 0.79855
vt 0.25249 0.79367
vt 0.19519 0.74863
vt 0.22158 0.75158
vt 0.24435 0.75356
vt 0.20254 0.7182
vt 0.22623 0.72327
vt 0.24673 0.72624
vt 0.21364 0.69729
vt 0.23455 0.70211
vt 0.25293 0.70489
vt 0.22484 0.67829
vt 0.24348 0.68253
vt 0.26023 0.68528
vt 0.23517 0.65687
vt 0.25205 0.66083
vt 0.26737 0.66327
vt 0.24509 0.62937
vt 0.26054 0.63314
vt 0.27481 0.63562
vt 0.25703 0.59749
vt 0.27139 0.60118
vt 0.2849 0.60378
vt 0.27242 0.56706
vt 0.28603 0.57077
vt 0.2991 0.57362
vt 0.29106 0.53852
vt 0.3042 0.54249
vt 0.31705 0.5459
vt 0.31264 0.51231
vt 0.3255 0.51693
vt 0.33824 0.52133
vt 0.3367 0.489
vt 0.34932 0.49468
vt 0.36192 0.5005
vt 0.36262 0.46905
vt 0.37489 0.47615
vt 0.38708 0.48368
vt 0.3898 0.45282
vt 0.40159 0.46193
vt 0.41394 0.47133
vt 0.40202 0.49179
vt 0.42792 0.48122
vt 0.4179 0.50043
vt 0.44215 0.49047
vt 0.4336 0.50832
vt 0.45451 0.49757
vt 0.44661 0.51437
vt 0.46563 0.50316
vt 0.45822 0.51934
vt 0.47711 0.50819
vt 0.47013 0.52401
vt 0.48936 0.51286
vt 0.48276 0.52858
vt 0.50462 0.51793
vt 0.49841 0.5338
vt 0.52446 0.52378
vt 0.51837 0.5399
vt 0.5129 0.55602
vt 0.53918 0.54603
vt 0.5338 0.56232
vt 0.52885 0.57866
vt 0.5547 0.56862
vt 0.54953 0.5851
vt 0.54411 0.60172
vt 0.57023 0.59131
vt 0.56428 0.60803
vt 0.55772 0.62486
vt 0.58472 0.61385
vt 0.57756 0.63067
vt 0.56945 0.64755
vt 0.59787 0.636
vt 0.589 0.65269
vt 0.57969 0.66876
vt 0.56128 0.66497
vt 0.57281 0.68116
vt 0.59647 0.67217
vt 0.58882 0.684
vt 0.58373 0.69372
vt 0.60825 0.67442
vt 0.60632 0.65661
vt 0.61843 0.66034
vt 0.62795 0.66426
vt 0.61735 0.67813
vt 0.62511 0.68331
vt 0.63643 0.6689
vt 0.64324 0.67463
vt 0.63171 0.69004
vt 0.63833 0.64902
vt 0.64701 0.6532
vt 0.65547 0.65782
vt 0.66431 0.66454
vt 0.65152 0.68294
vt 0.65686 0.63666
vt 0.66575 0.64065
vt 0.67676 0.64593
vt 0.68962 0.65352
vt 0.67667 0.6744
vt 0.67458 0.62285
vt 0.68595 0.6269
vt 0.70167 0.63271
vt 0.71625 0.63895
vt 0.70368 0.66201
vt 0.6936 0.60772
vt 0.70932 0.61158
vt 0.72693 0.61536
vt 0.74084 0.61806
vt 0.73003 0.64455
vt 0.71539 0.59015
vt 0.73272 0.5912
vt 0.749 0.59075
vt 0.76199 0.59022
vt 0.75444 0.6195
vt 0.73646 0.56632
vt 0.75172 0.56314
vt 0.76695 0.56072
vt 0.7798 0.55983
vt 0.77531 0.58956
vt 0.75331 0.53647
vt 0.76774 0.53371
vt 0.78172 0.53027
vt 0.79331 0.52589
vt 0.7926 0.55825
vt 0.76611 0.50514
vt 0.7782 0.49977
vt 0.78975 0.49264
vt 0.7992 0.48443
vt 0.80437 0.51909
vt 0.77113 0.46983
vt 0.78085 0.46166
vt 0.79038 0.45189
vt 0.79855 0.44137
vt 0.80892 0.47473
vt 0.771 0.43747
vt 0.77885 0.42679
vt 0.78657 0.4147
vt 0.79303 0.40206
vt 0.80681 0.42978
vt 0.76846 0.40869
vt 0.77481 0.39631
vt 0.78091 0.38281
vt 0.78577 0.36856
vt 0.79925 0.38832
vt 0.76371 0.38152
vt 0.76882 0.36801
vt 0.77299 0.35275
vt 0.77566 0.33632
vt 0.78974 0.35241
vt 0.75522 0.35364
vt 0.75826 0.33836
vt 0.76037 0.32141
vt 0.76125 0.30364
vt 0.77763 0.31808
vt 0.74091 0.32399
vt 0.74207 0.30739
vt 0.74238 0.2892
vt 0.74083 0.26975
vt 0.76123 0.28329
vt 0.71786 0.2924
vt 0.71642 0.27449
vt 0.71344 0.25467
vt 0.68271 0.26076
vt 0.67724 0.24197
vt 0.669 0.22129
vt 0.64019 0.23467
vt 0.63015 0.21607
vt 0.6165 0.19622
vt 0.59323 0.21617
vt 0.57904 0.19896
vt 0.5609 0.18161
vt 0.54423 0.20582
vt 0.52669 0.19092
vt 0.50865 0.17911
vt 0.4955 0.20314
vt 0.4788 0.19283
vt 0.4641 0.18608
vt 0.44894 0.18204
vt 0.45236 0.20832
vt 0.43942 0.20217
vt 0.42628 0.19807
vt 0.41938 0.21811
vt 0.40764 0.21438
vt 0.39321 0.21313
vt 0.4106 0.19664
vt 0.43281 0.17882
vt 0.39135 0.19754
vt 0.41208 0.17818
vt 0.36328 0.20184
vt 0.37458 0.21571
vt 0.34757 0.22424
vt 0.31696 0.23607
vt 0.3386 0.24077
vt 0.31062 0.25411
vt 0.28165 0.27149
vt 0.2867 0.25258
vt 0.25265 0.29238
vt 0.25631 0.27214
vt 0.22424 0.31643
vt 0.22632 0.29499
vt 0.1968 0.34356
vt 0.19714 0.32098
vt 0.17068 0.37379
vt 0.16913 0.34981
vt 0.14621 0.40704
vt 0.14251 0.38127
vt 0.12372 0.44304
vt 0.11748 0.41506
vt 0.10364 0.48118
vt 0.09413 0.4501
vt 0.08712 0.51831
vt 0.07376 0.48009
vt 0.05778 0.49724
vt 0.04056 0.43743
vt 0.04047 0.50698
vt 0.02263 0.44327
vt 0.01179 0.38259
vt 0.23422 0.88296
vt 0.17824 0.82266
vt 0.19337 0.81349
vt 0.13436 0.75295
vt 0.15232 0.74949
vt 0.17038 0.74863
vt 0.14938 0.70016
vt 0.17521 0.71024
vt 0.13659 0.66226
vt 0.16389 0.67789
vt 0.18963 0.68971
vt 0.15609 0.64708
vt 0.18132 0.66162
vt 0.20381 0.6718
vt 0.17515 0.63043
vt 0.19688 0.64217
vt 0.21637 0.651
vt 0.19248 0.60487
vt 0.21117 0.61577
vt 0.22819 0.62402
vt 0.21047 0.5753
vt 0.22667 0.58501
vt 0.24169 0.59248
vt 0.23022 0.54722
vt 0.24461 0.55568
vt 0.25819 0.56234
vt 0.25195 0.52034
vt 0.26504 0.52777
vt 0.27757 0.53385
vt 0.27581 0.4947
vt 0.28792 0.50149
vt 0.29963 0.50735
vt 0.3017 0.47064
vt 0.31302 0.47723
vt 0.32405 0.48331
vt 0.32939 0.44864
vt 0.33999 0.4555
vt 0.35034 0.46222
vt 0.35854 0.42924
vt 0.36839 0.43678
vt 0.37795 0.44453
vt 0.38872 0.4129
vt 0.39766 0.42142
vt 0.40616 0.43034
vt 0.41947 0.40019
vt 0.42738 0.41017
vt 0.43543 0.42045
vt 0.41675 0.44026
vt 0.4444 0.43166
vt 0.4278 0.45104
vt 0.45428 0.44388
vt 0.44017 0.46249
vt 0.46477 0.45629
vt 0.45316 0.47348
vt 0.47421 0.46558
vt 0.46444 0.48166
vt 0.48313 0.47217
vt 0.47461 0.48773
vt 0.49315 0.47754
vt 0.48537 0.49293
vt 0.50453 0.48185
vt 0.49705 0.4975
vt 0.51933 0.48585
vt 0.51184 0.50219
vt 0.53831 0.4902
vt 0.5311 0.50733
vt 0.55742 0.49466
vt 0.55083 0.51234
vt 0.54491 0.52974
vt 0.57038 0.51761
vt 0.56507 0.53513
vt 0.5599 0.55223
vt 0.58524 0.541
vt 0.58049 0.55806
vt 0.57559 0.57477
vt 0.60136 0.56409
vt 0.59652 0.58073
vt 0.591 0.59716
vt 0.61748 0.58664
vt 0.61182 0.60305
vt 0.60534 0.61932
vt 0.63015 0.60833
vt 0.62355 0.62467
vt 0.61568 0.64059
vt 0.63707 0.62906
vt 0.62841 0.64496
vt 0.64767 0.63287
vt 0.64423 0.61265
vt 0.65516 0.61615
vt 0.66518 0.61942
vt 0.6615 0.59907
vt 0.6718 0.60189
vt 0.68205 0.60452
vt 0.6773 0.5841
vt 0.68737 0.58603
vt 0.69987 0.58797
vt 0.69105 0.56728
vt 0.70298 0.56805
vt 0.72005 0.56784
vt 0.70495 0.54775
vt 0.72124 0.54512
vt 0.73884 0.54061
vt 0.72183 0.5223
vt 0.73776 0.51582
vt 0.75334 0.50994
vt 0.73491 0.4909
vt 0.74806 0.48344
vt 0.76073 0.47651
vt 0.74168 0.4635
vt 0.75245 0.4555
vt 0.76261 0.44678
vt 0.74512 0.44076
vt 0.75374 0.43091
vt 0.76178 0.42006
vt 0.74506 0.41775
vt 0.75187 0.40626
vt 0.75823 0.39394
vt 0.74075 0.39304
vt 0.74619 0.38061
vt 0.75124 0.36734
vt 0.73186 0.36716
vt 0.73576 0.35369
vt 0.73895 0.3391
vt 0.71498 0.33873
vt 0.71694 0.32426
vt 0.71815 0.30864
vt 0.68787 0.30944
vt 0.68749 0.29429
vt 0.68612 0.27791
vt 0.6546 0.28405
vt 0.65167 0.26862
vt 0.64734 0.25202
vt 0.61681 0.26412
vt 0.61129 0.24895
vt 0.60403 0.23281
vt 0.57577 0.25047
vt 0.56795 0.23606
vt 0.55818 0.22101
vt 0.53306 0.24338
vt 0.52346 0.23009
vt 0.51188 0.21647
vt 0.49024 0.24252
vt 0.47959 0.23044
vt 0.46731 0.21825
vt 0.45115 0.24564
vt 0.44035 0.23472
vt 0.43052 0.22471
vt 0.42024 0.24835
vt 0.41215 0.23861
vt 0.40357 0.25913
vt 0.39707 0.24916
vt 0.38634 0.26907
vt 0.38081 0.25834
vt 0.36701 0.2791
vt 0.36185 0.26678
vt 0.35779 0.25622
vt 0.35868 0.24438
vt 0.33512 0.27899
vt 0.33321 0.26721
vt 0.33401 0.25459
vt 0.36317 0.23134
vt 0.30604 0.28223
vt 0.30707 0.2689
vt 0.27834 0.30081
vt 0.27905 0.28704
vt 0.25106 0.323
vt 0.2511 0.30866
vt 0.22473 0.34881
vt 0.22385 0.33377
vt 0.1998 0.37793
vt 0.19775 0.36204
vt 0.17668 0.41026
vt 0.1732 0.39336
vt 0.15571 0.4456
vt 0.15052 0.42769
vt 0.13752 0.48426
vt 0.13019 0.46517
vt 0.12293 0.52613
vt 0.11287 0.50539
vt 0.11327 0.56901
vt 0.09977 0.54664
vt 0.13455 0.54603
vt 0.12941 0.58991
vt 0.13044 0.62876
vt 0.15089 0.61433
vt 0.15183 0.56908
vt 0.17192 0.59032
vt 0.15932 0.52418
vt 0.17646 0.54571
vt 0.19306 0.56281
vt 0.18616 0.50491
vt 0.20076 0.52251
vt 0.21502 0.5366
vt 0.21264 0.48513
vt 0.22561 0.49955
vt 0.23831 0.51127
vt 0.24 0.46504
vt 0.25179 0.47692
vt 0.26331 0.48678
vt 0.26873 0.44486
vt 0.27956 0.45483
vt 0.2901 0.46337
vt 0.29898 0.425
vt 0.30891 0.43369
vt 0.31856 0.4415
vt 0.33058 0.40605
vt 0.33967 0.41411
vt 0.34844 0.42172
vt 0.36332 0.38874
vt 0.37156 0.39675
vt 0.37944 0.40462
vt 0.3968 0.37398
vt 0.40417 0.38241
vt 0.41116 0.39083
vt 0.42599 0.36579
vt 0.43257 0.37486
vt 0.43869 0.38404
vt 0.44972 0.3638
vt 0.45562 0.37369
vt 0.46167 0.38379
vt 0.44588 0.39421
vt 0.46821 0.39443
vt 0.45306 0.40481
vt 0.47521 0.40546
vt 0.46079 0.41594
vt 0.4826 0.41696
vt 0.46927 0.42784
vt 0.48953 0.42893
vt 0.47817 0.44062
vt 0.49501 0.43948
vt 0.48578 0.45174
vt 0.49337 0.45891
vt 0.50276 0.46418
vt 0.51306 0.4675
vt 0.53294 0.45802
vt 0.52733 0.47015
vt 0.55009 0.46042
vt 0.54529 0.47338
vt 0.56759 0.46337
vt 0.56342 0.4771
vt 0.58501 0.46693
vt 0.58112 0.48122
vt 0.57598 0.49976
vt 0.59872 0.48599
vt 0.59436 0.50474
vt 0.58978 0.52364
vt 0.61285 0.51075
vt 0.60933 0.52937
vt 0.6055 0.54725
vt 0.62949 0.53568
vt 0.62629 0.55309
vt 0.6223 0.57013
vt 0.64523 0.55838
vt 0.64108 0.5752
vt 0.63607 0.59189
vt 0.6555 0.57899
vt 0.65032 0.59588
vt 0.66701 0.58181
vt 0.65971 0.56205
vt 0.67092 0.5643
vt 0.68114 0.56596
vt 0.67347 0.54668
vt 0.68348 0.54778
vt 0.69349 0.54815
vt 0.68453 0.52992
vt 0.69429 0.52939
vt 0.70661 0.5273
vt 0.69423 0.51145
vt 0.70575 0.50713
vt 0.72152 0.49924
vt 0.7046 0.48987
vt 0.71742 0.48097
vt 0.73052 0.47165
vt 0.71328 0.46859
vt 0.72471 0.45925
vt 0.73567 0.44973
vt 0.71868 0.4488
vt 0.72865 0.43901
vt 0.73767 0.42846
vt 0.72049 0.42843
vt 0.72832 0.41718
vt 0.73508 0.40496
vt 0.71667 0.40532
vt 0.72231 0.39271
vt 0.72749 0.37972
vt 0.70465 0.37882
vt 0.70879 0.36575
vt 0.7124 0.35215
vt 0.68354 0.35115
vt 0.68575 0.33766
vt 0.68738 0.32353
vt 0.65659 0.32637
vt 0.65681 0.31275
vt 0.65638 0.29846
vt 0.62505 0.30595
vt 0.62334 0.29251
vt 0.62089 0.27841
vt 0.58977 0.2907
vt 0.58628 0.27775
vt 0.58199 0.26421
vt 0.55175 0.28113
vt 0.5468 0.26894
vt 0.54101 0.25624
vt 0.51227 0.27735
vt 0.50623 0.26604
vt 0.49938 0.25434
vt 0.47559 0.27757
vt 0.46871 0.26708
vt 0.46103 0.2564
vt 0.4448 0.27861
vt 0.43723 0.26872
vt 0.42935 0.25869
vt 0.41741 0.27969
vt 0.41034 0.26965
vt 0.39865 0.29057
vt 0.39212 0.28019
vt 0.37873 0.30259
vt 0.37242 0.29155
vt 0.35352 0.31881
vt 0.3469 0.30663
vt 0.34006 0.29336
vt 0.3167 0.32682
vt 0.3105 0.31077
vt 0.30669 0.29566
vt 0.28248 0.33136
vt 0.27909 0.31487
vt 0.25595 0.35514
vt 0.25231 0.33769
vt 0.23126 0.38214
vt 0.2268 0.36404
vt 0.20864 0.41251
vt 0.20296 0.39381
vt 0.1889 0.44619
vt 0.18134 0.42695
vt 0.17189 0.48355
vt 0.16213 0.46329
vt 0.14627 0.50292
vt 0.1997 0.46757
vt 0.21809 0.43306
vt 0.22818 0.45076
vt 0.23891 0.40201
vt 0.2481 0.41894
vt 0.25779 0.43319
vt 0.27077 0.39013
vt 0.27973 0.40363
vt 0.28883 0.41522
vt 0.30435 0.3767
vt 0.31281 0.38766
vt 0.32122 0.39738
vt 0.33919 0.36245
vt 0.34706 0.37185
vt 0.35473 0.38049
vt 0.37478 0.34874
vt 0.38209 0.35735
vt 0.38908 0.36555
vt 0.40619 0.33981
vt 0.41292 0.34837
vt 0.41909 0.35685
vt 0.43187 0.33637
vt 0.43786 0.34532
vt 0.44359 0.35414
vt 0.45555 0.33568
vt 0.46106 0.34503
vt 0.46613 0.35447
vt 0.47935 0.33677
vt 0.4843 0.34686
vt 0.4892 0.35725
vt 0.47165 0.36481
vt 0.49424 0.36811
vt 0.47718 0.37537
vt 0.49943 0.37952
vt 0.48303 0.3863
vt 0.50476 0.39146
vt 0.48915 0.39764
vt 0.51002 0.40411
vt 0.49542 0.40947
vt 0.51566 0.41686
vt 0.50178 0.42152
vt 0.5215 0.42763
vt 0.50747 0.43233
vt 0.53321 0.41544
vt 0.53694 0.42744
vt 0.53812 0.43753
vt 0.55513 0.42767
vt 0.55473 0.43878
vt 0.55306 0.44953
vt 0.53642 0.44784
vt 0.57233 0.44103
vt 0.57035 0.45195
vt 0.59008 0.44431
vt 0.5878 0.45527
vt 0.60763 0.44842
vt 0.60498 0.45945
vt 0.60222 0.47141
vt 0.62175 0.46458
vt 0.61907 0.47664
vt 0.61608 0.49201
vt 0.6355 0.48278
vt 0.63371 0.49846
vt 0.63161 0.51771
vt 0.65096 0.50552
vt 0.65 0.52348
vt 0.64819 0.54134
vt 0.66358 0.52725
vt 0.66234 0.54465
vt 0.67446 0.52932
vt 0.66416 0.51041
vt 0.67453 0.51252
vt 0.68466 0.51304
vt 0.67444 0.4978
vt 0.68414 0.49811
vt 0.69374 0.49607
vt 0.70228 0.47763
vt 0.69713 0.4683
vt 0.70835 0.45839
vt 0.69067 0.45952
vt 0.70099 0.44947
vt 0.71149 0.43861
vt 0.69188 0.44093
vt 0.70163 0.42939
vt 0.71016 0.41713
vt 0.68686 0.41809
vt 0.6941 0.40498
vt 0.70001 0.39134
vt 0.67211 0.39188
vt 0.67687 0.37809
vt 0.68071 0.36406
vt 0.65145 0.36717
vt 0.65393 0.35337
vt 0.65572 0.33943
vt 0.62588 0.34574
vt 0.62625 0.33237
vt 0.62608 0.31884
vt 0.59585 0.32871
vt 0.59439 0.31605
vt 0.59252 0.30315
vt 0.56222 0.31691
vt 0.55933 0.30504
vt 0.55602 0.29285
vt 0.52632 0.31033
vt 0.52207 0.29953
vt 0.5176 0.28828
vt 0.4919 0.30842
vt 0.48693 0.29835
vt 0.48166 0.28786
vt 0.46333 0.30795
vt 0.45784 0.29826
vt 0.4518 0.28832
vt 0.43783 0.30817
vt 0.43145 0.29887
vt 0.42456 0.28938
vt 0.41231 0.30971
vt 0.40535 0.30046
vt 0.39208 0.32238
vt 0.38512 0.31296
vt 0.36741 0.33956
vt 0.36032 0.32967
vt 0.33145 0.35198
vt 0.32359 0.34052
vt 0.29608 0.36398
vt 0.28826 0.34932
vt 0.26244 0.3741
vt 0.39902 0.33117
vt 0.41904 0.31874
vt 0.42549 0.3274
vt 0.44386 0.31741
vt 0.44964 0.32634
vt 0.46872 0.31755
vt 0.474 0.32683
vt 0.49661 0.31858
vt 0.5011 0.32842
vt 0.52995 0.32153
vt 0.53345 0.33292
vt 0.50545 0.3393
vt 0.53698 0.34427
vt 0.50999 0.35025
vt 0.54055 0.35677
vt 0.51445 0.36171
vt 0.54415 0.36952
vt 0.51908 0.37368
vt 0.54761 0.38342
vt 0.52365 0.38655
vt 0.55115 0.39853
vt 0.52827 0.4006
vt 0.55428 0.414
vt 0.57415 0.39982
vt 0.57455 0.41642
vt 0.5738 0.42954
vt 0.59435 0.41925
vt 0.5923 0.43283
vt 0.61377 0.42332
vt 0.61034 0.43701
vt 0.63238 0.42938
vt 0.62805 0.44257
vt 0.62466 0.45349
vt 0.64497 0.44867
vt 0.64087 0.45959
vt 0.63772 0.47067
vt 0.65566 0.46595
vt 0.65263 0.47725
vt 0.65095 0.48972
vt 0.66449 0.48303
vt 0.66411 0.49511
vt 0.66759 0.47239
vt 0.67326 0.46237
vt 0.66055 0.45515
vt 0.66821 0.44463
vt 0.68192 0.45152
vt 0.65078 0.43562
vt 0.65851 0.42135
vt 0.67802 0.4304
vt 0.63821 0.41241
vt 0.6435 0.39677
vt 0.66608 0.40531
vt 0.61726 0.40713
vt 0.6208 0.38926
vt 0.62304 0.37426
vt 0.64809 0.38083
vt 0.59629 0.40183
vt 0.59704 0.38553
vt 0.59768 0.36909
vt 0.59725 0.3553
vt 0.62495 0.35901
vt 0.57309 0.38268
vt 0.57111 0.36798
vt 0.56926 0.35362
vt 0.56694 0.34132
vt 0.59691 0.34123
vt 0.56486 0.32851
vt 0.77823 0.29777
vt 0.79412 0.31381
vt 0.79288 0.334
vt 0.80899 0.35557
vt 0.80509 0.37287
vt 0.82207 0.40374
vt 0.81527 0.41712
vt 0.82849 0.4551
vt 0.81928 0.46459
vt 0.82553 0.5024
vt 0.81555 0.5104
vt 0.81617 0.54873
vt 0.80532 0.55476
vt 0.8001 0.58849
vt 0.78872 0.58918
vt 0.78015 0.61985
vt 0.76838 0.61994
vt 0.75625 0.64976
vt 0.7441 0.64791
vt 0.72907 0.67434
vt 0.71732 0.66963
vt 0.70033 0.69334
vt 0.69022 0.68472
vt 0.67144 0.70609
vt 0.66318 0.69499
vt 0.64512 0.71244
vt 0.63965 0.70008
vt 0.62595 0.71154
vt 0.62186 0.70196
vt 0.60885 0.70929
g Group1001
f 1/1 9/2 10/3 11/4
f 1/1 11/4 12/5 13/6
f 1/1 13/6 14/7 9/2
f 2/8 15/9 16/10 17/11
f 2/8 18/12 19/13 15/9
f 2/8 17/11 20/14 18/12
f 3/15 21/16 22/17 23/18
f 3/15 23/18 24/19 25/20
f 3/15 25/21 26/22 21/16
f 4/23 27/24 28/25 29/26
f 4/23 29/26 30/27 31/28
f 4/23 31/28 32/29 27/24
f 5/30 33/31 34/32 35/33
f 5/34 35/35 36/36 37/37
f 5/30 37/38 38/39 33/31
f 6/40 39/41 40/42 41/43
f 6/40 41/43 42/44 43/45
f 6/40 43/45 44/46 39/41
f 7/47 45/48 46/49 47/50
f 7/47 48/51 49/52 45/48
f 7/47 47/50 50/53 48/54
f 8/55 51/56 52/57 53/58
f 8/55 53/58 54/59 55/60
f 8/55 55/60 56/61 51/56
f 56/61 57/62 58/63 59/64
f 56/61 59/64 60/65 51/56
f 56/61 55/60 61/66 57/62
f 61/66 62/67 63/68 57/62
f 61/66 55/60 54/59 64/69
f 61/66 64/69 65/70 62/67
f 65/70 66/71 67/72 62/67
f 65/70 64/69 68/73 69/74
f 65/70 69/74 70/75 66/71
f 70/75 71/76 72/77 66/71
f 70/75 69/74 73/78 74/79
f 70/75 74/79 75/80 71/76
f 75/80 76/81 77/82 71/76
f 75/80 74/79 78/83 79/84
f 75/80 79/84 80/85 76/81
f 80/85 81/86 82/87 76/81
f 80/85 79/84 83/88 84/89
f 80/85 84/89 85/90 81/86
f 85/90 86/91 87/92 81/86
f 85/90 84/89 88/93 89/94
f 85/90 89/94 90/95 86/91
f 90/95 91/96 92/97 86/91
f 90/95 89/94 93/98 94/99
f 90/95 94/99 95/100 91/96
f 95/100 96/101 97/102 91/96
f 95/100 94/99 98/103 99/104
f 95/100 99/104 100/105 96/101
f 100/105 101/106 102/107 96/101
f 100/105 99/104 103/108 104/109
f 100/105 104/109 105/110 101/106
f 105/110 106/111 107/112 101/106
f 105/110 104/109 108/113 109/114
f 105/110 109/114 110/115 106/111
f 110/115 111/116 112/117 106/111
f 110/115 109/114 113/118 114/119
f 110/115 114/119 115/120 111/116
f 115/120 116/121 117/122 111/116
f 115/120 114/119 118/123 119/124
f 115/120 119/124 120/125 116/121
f 120/125 121/126 122/127 116/121
f 120/125 119/124 123/128 124/129
f 120/125 124/129 125/130 121/126
f 125/130 126/131 127/132 121/126
f 125/130 124/129 128/133 129/134
f 125/130 129/134 130/135 126/131
f 130/135 131/136 132/137 126/131
f 130/135 129/134 133/138 134/139
f 130/135 134/139 135/140 131/136
f 135/140 136/141 137/142 131/136
f 135/140 134/139 138/143 139/144
f 135/140 139/144 140/145 136/141
f 140/145 141/146 142/147 136/141
f 140/145 139/144 143/148 144/149
f 140/145 144/149 145/150 141/146
f 145/150 146/151 147/152 141/146
f 145/150 144/149 148/153 149/154
f 145/150 149/154 150/155 146/151
f 150/155 151/156 152/157 146/151
f 150/155 149/154 153/158 154/159
f 150/155 154/159 155/160 151/156
f 155/161 156/162 157/163 151/164
f 155/160 154/159 158/165 159/166
f 155/161 159/167 160/168 156/162
f 160/168 159/167 161/169 162/170
f 160/168 162/170 163/171 164/172
f 160/168 164/172 165/173 156/162
f 165/173 164/172 166/174 167/175
f 165/173 167/175 168/176 169/177
f 165/173 169/177 157/163 156/162
f 169/177 168/176 170/178 171/179
f 169/177 171/179 172/180 157/163
f 172/180 152/181 151/164 157/163
f 172/180 171/179 173/182 174/183
f 172/180 174/183 175/184 152/181
f 175/184 174/183 176/185 177/186
f 175/187 177/188 178/189 147/152
f 175/187 147/152 146/151 152/157
f 178/189 177/188 179/190 180/191
f 178/189 180/191 181/192 142/147
f 178/189 142/147 141/146 147/152
f 181/192 180/191 34/32 182/193
f 181/192 182/193 183/194 137/142
f 181/192 137/142 136/141 142/147
f 183/194 182/193 184/195 185/196
f 183/194 185/196 186/197 132/137
f 183/194 132/137 131/136 137/142
f 186/197 185/196 187/198 188/199
f 186/197 188/199 189/200 127/132
f 186/197 127/132 126/131 132/137
f 189/200 188/199 190/201 191/202
f 189/200 191/202 192/203 122/127
f 189/200 122/127 121/126 127/132
f 192/203 191/202 193/204 194/205
f 192/203 194/205 195/206 117/122
f 192/203 117/122 116/121 122/127
f 195/206 194/205 196/207 197/208
f 195/206 197/208 198/209 112/117
f 195/206 112/117 111/116 117/122
f 198/209 197/208 199/210 200/211
f 198/209 200/211 201/212 107/112
f 198/209 107/112 106/111 112/117
f 201/212 200/211 202/213 203/214
f 201/212 203/214 204/215 102/107
f 201/212 102/107 101/106 107/112
f 204/215 203/214 205/216 206/217
f 204/215 206/217 207/218 97/102
f 204/215 97/102 96/101 102/107
f 207/218 206/217 208/219 209/220
f 207/218 209/220 210/221 92/97
f 207/218 92/97 91/96 97/102
f 210/221 209/220 211/222 212/223
f 210/221 212/223 213/224 87/92
f 210/221 87/92 86/91 92/97
f 213/224 212/223 214/225 215/226
f 213/224 215/226 216/227 82/87
f 213/224 82/87 81/86 87/92
f 216/227 215/226 217/228 218/229
f 216/227 218/229 219/230 77/82
f 216/227 77/82 76/81 82/87
f 219/230 218/229 220/231 221/232
f 219/230 221/232 222/233 72/77
f 219/230 72/77 71/76 77/82
f 222/233 221/232 223/234 224/235
f 222/233 224/235 225/236 67/72
f 222/233 67/72 66/71 72/77
f 225/236 224/235 226/237 227/238
f 225/236 227/238 228/239 63/68
f 225/236 63/68 62/67 67/72
f 228/239 227/238 229/240 230/241
f 228/239 230/241 231/242 58/63
f 228/239 58/63 57/62 63/68
f 231/242 230/241 232/243 233/244
f 231/242 233/244 234/245 235/246
f 231/242 235/246 59/64 58/63
f 235/246 234/245 236/247 237/248
f 235/246 237/248 60/65 59/64
f 237/248 236/247 238/249 239/250
f 237/248 239/250 240/251 60/65
f 240/251 239/250 241/252 242/253
f 240/251 242/253 243/254 52/57
f 240/251 52/57 51/56 60/65
f 243/254 242/253 244/255 245/256
f 243/254 245/256 246/257 247/258
f 243/254 247/258 53/58 52/57
f 247/258 248/259 54/59 53/58
f 247/258 246/257 249/260 248/259
f 249/260 250/261 68/73 248/259
f 249/260 246/257 251/262 252/263
f 249/260 252/263 253/264 250/261
f 253/264 254/265 73/78 250/261
f 253/264 252/263 255/266 256/267
f 253/264 256/267 257/268 254/265
f 257/268 258/269 78/83 254/265
f 257/268 256/267 259/270 260/271
f 257/268 260/271 261/272 258/269
f 261/272 262/273 83/88 258/269
f 261/272 260/271 263/274 264/275
f 261/272 264/275 265/276 262/273
f 265/276 266/277 88/93 262/273
f 265/276 264/275 267/278 268/279
f 265/276 268/279 269/280 266/277
f 269/280 270/281 93/98 266/277
f 269/280 268/279 271/282 272/283
f 269/280 272/283 273/284 270/281
f 273/284 274/285 98/103 270/281
f 273/284 272/283 275/286 276/287
f 273/284 276/287 277/288 274/285
f 277/288 278/289 103/108 274/285
f 277/288 276/287 279/290 280/291
f 277/288 280/291 281/292 278/289
f 281/292 282/293 108/113 278/289
f 281/292 280/291 283/294 284/295
f 281/292 284/295 285/296 282/293
f 285/296 286/297 113/118 282/293
f 285/296 284/295 287/298 288/299
f 285/296 288/299 289/300 286/297
f 289/300 290/301 118/123 286/297
f 289/300 288/299 291/302 292/303
f 289/300 292/303 293/304 290/301
f 293/304 294/305 123/128 290/301
f 293/304 292/303 295/306 296/307
f 293/304 296/307 297/308 294/305
f 297/308 298/309 128/133 294/305
f 297/308 296/307 299/310 300/311
f 297/308 300/311 301/312 298/309
f 301/312 302/313 133/138 298/309
f 301/312 300/311 303/314 304/315
f 301/312 304/315 305/316 302/313
f 305/316 306/317 138/143 302/313
f 305/316 304/315 307/318 308/319
f 305/316 308/319 309/320 306/317
f 309/320 310/321 143/148 306/317
f 309/320 308/319 311/322 312/323
f 309/320 312/323 313/324 310/321
f 313/324 314/325 148/153 310/321
f 313/324 312/323 315/326 316/327
f 313/324 316/327 317/328 314/325
f 317/328 318/329 153/158 314/325
f 317/328 316/327 319/330 320/331
f 317/328 320/331 321/332 318/329
f 321/332 322/333 158/165 318/329
f 321/332 320/331 323/334 324/335
f 321/332 324/335 325/336 322/333
f 325/336 326/337 161/338 322/333
f 325/336 324/335 327/339 328/340
f 325/336 328/340 329/341 326/337
f 329/342 330/343 331/344 326/345
f 329/341 328/340 332/346 333/347
f 329/342 333/348 334/349 330/343
f 334/349 333/348 335/350 336/351
f 334/349 336/351 337/352 338/353
f 334/349 338/353 339/354 330/343
f 339/354 338/353 340/355 341/356
f 339/354 341/356 342/357 343/358
f 339/354 343/358 331/344 330/343
f 343/358 342/357 344/359 163/171
f 343/358 163/171 162/170 331/344
f 344/359 342/357 345/360 346/361
f 344/359 346/361 347/362 166/174
f 344/359 166/174 164/172 163/171
f 347/362 346/361 348/363 349/364
f 347/362 349/364 350/365 351/366
f 347/362 351/366 167/175 166/174
f 351/366 350/365 352/367 353/368
f 351/366 353/368 168/176 167/175
f 353/368 352/367 354/369 355/370
f 353/368 355/370 170/178 168/176
f 355/370 354/369 356/371 357/372
f 355/370 357/372 358/373 170/178
f 358/373 173/182 171/179 170/178
f 358/373 357/372 359/374 360/375
f 358/373 360/375 361/376 173/182
f 361/376 176/185 174/183 173/182
f 361/376 360/375 362/377 363/378
f 361/376 363/378 364/379 176/185
f 364/379 179/380 177/186 176/185
f 364/379 363/378 365/381 36/36
f 364/379 36/36 35/35 179/380
f 365/381 363/378 362/377 366/382
f 365/381 366/382 367/383 368/384
f 365/381 368/384 37/37 36/36
f 368/385 367/386 369/387 370/388
f 368/385 370/388 38/39 37/38
f 370/388 369/387 371/389 372/390
f 370/388 372/390 373/391 38/39
f 373/391 372/390 374/392 187/198
f 373/391 187/198 185/196 184/195
f 373/391 184/195 33/31 38/39
f 374/392 372/390 371/389 375/393
f 374/392 375/393 376/394 190/201
f 374/392 190/201 188/199 187/198
f 376/394 375/393 377/395 378/396
f 376/394 378/396 379/397 193/204
f 376/394 193/204 191/202 190/201
f 379/397 378/396 380/398 381/399
f 379/397 381/399 382/400 196/207
f 379/397 196/207 194/205 193/204
f 382/400 381/399 383/401 384/402
f 382/400 384/402 385/403 199/210
f 382/400 199/210 197/208 196/207
f 385/403 384/402 386/404 387/405
f 385/403 387/405 388/406 202/213
f 385/403 202/213 200/211 199/210
f 388/406 387/405 389/407 390/408
f 388/406 390/408 391/409 205/216
f 388/406 205/216 203/214 202/213
f 391/409 390/408 392/410 393/411
f 391/409 393/411 394/412 208/219
f 391/409 208/219 206/217 205/216
f 394/412 393/411 395/413 396/414
f 394/412 396/414 397/415 211/222
f 394/412 211/222 209/220 208/219
f 397/415 396/414 398/416 399/417
f 397/415 399/417 400/418 214/225
f 397/415 214/225 212/223 211/222
f 400/418 399/417 401/419 402/420
f 400/418 402/420 403/421 217/228
f 400/418 217/228 215/226 214/225
f 403/421 402/420 404/422 405/423
f 403/421 405/423 406/424 220/231
f 403/421 220/231 218/229 217/228
f 406/424 405/423 407/425 408/426
f 406/424 408/426 409/427 223/234
f 406/424 223/234 221/232 220/231
f 409/427 408/426 410/428 411/429
f 409/427 411/429 412/430 226/237
f 409/427 226/237 224/235 223/234
f 412/430 411/429 413/431 414/432
f 412/430 414/432 415/433 229/240
f 412/430 229/240 227/238 226/237
f 415/433 414/432 416/434 417/435
f 415/433 417/435 418/436 232/243
f 415/433 232/243 230/241 229/240
f 418/436 417/435 419/437 420/438
f 418/436 420/438 421/439 422/440
f 418/436 422/440 233/244 232/243
f 422/440 421/439 423/441 424/442
f 422/440 424/442 234/245 233/244
f 424/442 423/441 425/443 426/444
f 424/442 426/444 236/247 234/245
f 426/444 425/443 427/445 428/446
f 426/444 428/446 238/249 236/247
f 428/446 427/445 429/447 430/448
f 428/446 430/448 431/449 238/249
f 431/449 430/448 432/450 433/451
f 431/449 433/451 434/452 241/252
f 431/449 241/252 239/250 238/249
f 434/452 433/451 435/453 436/454
f 434/452 436/454 437/455 244/255
f 434/452 244/255 242/253 241/252
f 437/455 436/454 438/456 439/457
f 437/455 439/457 440/458 441/459
f 437/455 441/459 245/256 244/255
f 441/459 440/458 442/460 251/262
f 441/459 251/262 246/257 245/256
f 442/460 255/266 252/263 251/262
f 442/460 440/458 443/461 444/462
f 442/460 444/462 445/463 255/266
f 445/463 259/270 256/267 255/266
f 445/463 444/462 446/464 447/465
f 445/463 447/465 448/466 259/270
f 448/466 263/274 260/271 259/270
f 448/466 447/465 449/467 450/468
f 448/466 450/468 451/469 263/274
f 451/469 267/278 264/275 263/274
f 451/469 450/468 452/470 453/471
f 451/469 453/471 454/472 267/278
f 454/472 271/282 268/279 267/278
f 454/472 453/471 455/473 456/474
f 454/472 456/474 457/475 271/282
f 457/475 275/286 272/283 271/282
f 457/475 456/474 458/476 459/477
f 457/475 459/477 460/478 275/286
f 460/478 279/290 276/287 275/286
f 460/478 459/477 461/479 462/480
f 460/478 462/480 463/481 279/290
f 463/481 283/294 280/291 279/290
f 463/481 462/480 464/482 465/483
f 463/481 465/483 466/484 283/294
f 466/484 287/298 284/295 283/294
f 466/484 465/483 467/485 468/486
f 466/484 468/486 469/487 287/298
f 469/487 291/302 288/299 287/298
f 469/487 468/486 470/488 471/489
f 469/487 471/489 472/490 291/302
f 472/490 295/306 292/303 291/302
f 472/490 471/489 473/491 474/492
f 472/490 474/492 475/493 295/306
f 475/493 299/310 296/307 295/306
f 475/493 474/492 476/494 477/495
f 475/493 477/495 478/496 299/310
f 478/496 303/314 300/311 299/310
f 478/496 477/495 479/497 480/498
f 478/496 480/498 481/499 303/314
f 481/499 307/318 304/315 303/314
f 481/499 480/498 482/500 483/501
f 481/499 483/501 484/502 307/318
f 484/502 311/322 308/319 307/318
f 484/502 483/501 485/503 486/504
f 484/502 486/504 487/505 311/322
f 487/505 315/326 312/323 311/322
f 487/505 486/504 488/506 489/507
f 487/505 489/507 490/508 315/326
f 490/508 319/330 316/327 315/326
f 490/508 489/507 491/509 492/510
f 490/508 492/510 493/511 319/330
f 493/511 323/334 320/331 319/330
f 493/511 492/510 494/512 495/513
f 493/511 495/513 496/514 323/334
f 496/514 327/339 324/335 323/334
f 496/514 495/513 497/515 498/516
f 496/514 498/516 499/517 327/339
f 499/517 332/346 328/340 327/339
f 499/517 498/516 500/518 501/519
f 499/517 501/519 502/520 332/346
f 502/520 335/521 333/347 332/346
f 502/520 501/519 503/522 26/22
f 502/520 26/22 25/21 335/521
f 503/522 501/519 500/518 504/523
f 503/522 504/523 505/524 506/525
f 503/522 506/525 21/16 26/22
f 506/525 505/524 507/526 508/527
f 506/525 508/527 22/17 21/16
f 508/527 507/526 509/528 510/529
f 508/527 510/529 511/530 22/17
f 511/530 512/531 23/18 22/17
f 511/530 510/529 513/532 514/533
f 511/530 514/533 515/534 512/531
f 515/534 514/533 516/535 517/536
f 515/534 517/536 518/537 519/538
f 515/534 519/538 520/539 512/531
f 520/539 24/19 23/18 512/531
f 520/539 519/538 521/540 337/352
f 520/539 337/352 336/351 24/19
f 521/540 519/538 518/537 522/541
f 521/540 522/541 523/542 340/355
f 521/540 340/355 338/353 337/352
f 523/542 522/541 524/543 525/544
f 523/542 525/544 526/545 527/546
f 523/542 527/546 341/356 340/355
f 527/546 526/545 528/547 345/360
f 527/546 345/360 342/357 341/356
f 528/547 526/545 529/548 530/549
f 528/547 530/549 531/550 348/363
f 528/547 348/363 346/361 345/360
f 531/550 530/549 532/551 533/552
f 531/550 533/552 534/553 535/554
f 531/550 535/554 349/364 348/363
f 535/554 534/553 536/555 537/556
f 535/554 537/556 350/365 349/364
f 537/556 536/555 538/557 539/558
f 537/556 539/558 352/367 350/365
f 539/558 538/557 540/559 541/560
f 539/558 541/560 354/369 352/367
f 541/560 540/559 542/561 543/562
f 541/560 543/562 356/371 354/369
f 543/562 542/561 544/563 545/564
f 543/562 545/564 546/565 356/371
f 546/565 359/374 357/372 356/371
f 546/565 545/564 547/566 548/567
f 546/565 548/567 549/568 359/374
f 549/568 362/377 360/375 359/374
f 549/568 548/567 550/569 551/570
f 549/568 551/570 366/382 362/377
f 551/570 550/569 552/571 553/572
f 551/570 553/572 367/383 366/382
f 553/573 552/574 554/575 555/576
f 553/573 555/576 369/387 367/386
f 555/576 554/575 556/577 557/578
f 555/576 557/578 371/389 369/387
f 557/578 556/577 558/579 377/395
f 557/578 377/395 375/393 371/389
f 558/579 556/577 559/580 560/581
f 558/579 560/581 561/582 380/398
f 558/579 380/398 378/396 377/395
f 561/582 560/581 562/583 563/584
f 561/582 563/584 564/585 383/401
f 561/582 383/401 381/399 380/398
f 564/585 563/584 565/586 566/587
f 564/585 566/587 567/588 386/404
f 564/585 386/404 384/402 383/401
f 567/588 566/587 568/589 569/590
f 567/588 569/590 570/591 389/407
f 567/588 389/407 387/405 386/404
f 570/591 569/590 571/592 572/593
f 570/591 572/593 573/594 392/410
f 570/591 392/410 390/408 389/407
f 573/594 572/593 574/595 575/596
f 573/594 575/596 576/597 395/413
f 573/594 395/413 393/411 392/410
f 576/597 575/596 577/598 578/599
f 576/597 578/599 579/600 398/416
f 576/597 398/416 396/414 395/413
f 579/600 578/599 580/601 581/602
f 579/600 581/602 582/603 401/419
f 579/600 401/419 399/417 398/416
f 582/603 581/602 583/604 584/605
f 582/603 584/605 585/606 404/422
f 582/603 404/422 402/420 401/419
f 585/606 584/605 586/607 587/608
f 585/606 587/608 588/609 407/425
f 585/606 407/425 405/423 404/422
f 588/609 587/608 589/610 590/611
f 588/609 590/611 591/612 410/428
f 588/609 410/428 408/426 407/425
f 591/612 590/611 592/613 593/614
f 591/612 593/614 594/615 413/431
f 591/612 413/431 411/429 410/428
f 594/615 593/614 595/616 596/617
f 594/615 596/617 597/618 416/434
f 594/615 416/434 414/432 413/431
f 597/618 596/617 598/619 599/620
f 597/618 599/620 600/621 419/437
f 597/618 419/437 417/435 416/434
f 600/621 599/620 601/622 602/623
f 600/621 602/623 603/624 604/625
f 600/621 604/625 420/438 419/437
f 604/625 603/624 605/626 606/627
f 604/625 606/627 421/439 420/438
f 606/627 605/626 607/628 608/629
f 606/627 608/629 423/441 421/439
f 608/629 607/628 609/630 610/631
f 608/629 610/631 425/443 423/441
f 610/631 609/630 611/632 612/633
f 610/631 612/633 427/445 425/443
f 612/633 611/632 613/634 614/635
f 612/633 614/635 429/447 427/445
f 614/635 613/634 615/636 616/637
f 614/635 616/637 617/638 429/447
f 617/638 616/637 618/639 619/640
f 617/638 619/640 620/641 432/450
f 617/638 432/450 430/448 429/447
f 620/641 619/640 621/642 622/643
f 620/641 622/643 623/644 435/453
f 620/641 435/453 433/451 432/450
f 623/644 622/643 624/645 625/646
f 623/644 625/646 626/647 438/456
f 623/644 438/456 436/454 435/453
f 626/647 625/646 627/648 628/649
f 626/647 628/649 629/650 630/651
f 626/647 630/651 439/457 438/456
f 630/651 629/650 631/652 443/461
f 630/651 443/461 440/458 439/457
f 631/652 629/650 632/653 633/654
f 631/652 633/654 634/655 446/464
f 631/652 446/464 444/462 443/461
f 634/655 449/467 447/465 446/464
f 634/655 633/654 635/656 636/657
f 634/655 636/657 637/658 449/467
f 637/658 452/470 450/468 449/467
f 637/658 636/657 638/659 639/660
f 637/658 639/660 640/661 452/470
f 640/661 455/473 453/471 452/470
f 640/661 639/660 641/662 642/663
f 640/661 642/663 643/664 455/473
f 643/664 458/476 456/474 455/473
f 643/664 642/663 644/665 645/666
f 643/664 645/666 646/667 458/476
f 646/667 461/479 459/477 458/476
f 646/667 645/666 647/668 648/669
f 646/667 648/669 649/670 461/479
f 649/670 464/482 462/480 461/479
f 649/670 648/669 650/671 651/672
f 649/670 651/672 652/673 464/482
f 652/673 467/485 465/483 464/482
f 652/673 651/672 653/674 654/675
f 652/673 654/675 655/676 467/485
f 655/676 470/488 468/486 467/485
f 655/676 654/675 656/677 657/678
f 655/676 657/678 658/679 470/488
f 658/679 473/491 471/489 470/488
f 658/679 657/678 659/680 660/681
f 658/679 660/681 661/682 473/491
f 661/682 476/494 474/492 473/491
f 661/682 660/681 662/683 663/684
f 661/682 663/684 664/685 476/494
f 664/685 479/497 477/495 476/494
f 664/685 663/684 665/686 666/687
f 664/685 666/687 667/688 479/497
f 667/688 482/500 480/498 479/497
f 667/688 666/687 668/689 669/690
f 667/688 669/690 670/691 482/500
f 670/691 485/503 483/501 482/500
f 670/691 669/690 671/692 672/693
f 670/691 672/693 673/694 485/503
f 673/694 488/506 486/504 485/503
f 673/694 672/693 674/695 675/696
f 673/694 675/696 676/697 488/506
f 676/697 491/509 489/507 488/506
f 676/697 675/696 677/698 678/699
f 676/697 678/699 679/700 491/509
f 679/700 494/512 492/510 491/509
f 679/700 678/699 680/701 681/702
f 679/700 681/702 682/703 494/512
f 682/703 497/515 495/513 494/512
f 682/703 681/702 683/704 684/705
f 682/703 684/705 685/706 497/515
f 685/706 500/518 498/516 497/515
f 685/706 684/705 686/707 687/708
f 685/706 687/708 504/523 500/518
f 687/708 686/707 688/709 689/710
f 687/708 689/710 505/524 504/523
f 689/710 688/709 690/711 691/712
f 689/710 691/712 507/526 505/524
f 691/712 690/711 692/713 693/714
f 691/712 693/714 509/528 507/526
f 693/714 692/713 694/715 695/716
f 693/714 695/716 696/717 509/528
f 696/717 513/532 510/529 509/528
f 696/717 695/716 697/718 698/719
f 696/717 698/719 699/720 513/532
f 699/720 516/535 514/533 513/532
f 699/720 698/719 700/721 701/722
f 699/720 701/722 702/723 516/535
f 702/723 703/724 517/536 516/535
f 702/723 701/722 704/725 705/726
f 702/723 705/726 706/727 703/724
f 706/727 705/726 707/728 708/729
f 706/727 708/729 709/730 710/731
f 706/727 710/731 711/732 703/724
f 711/732 518/537 517/536 703/724
f 711/732 710/731 712/733 524/543
f 711/732 524/543 522/541 518/537
f 712/733 710/731 709/730 713/734
f 712/733 713/734 714/735 715/736
f 712/733 715/736 525/544 524/543
f 715/736 714/735 716/737 529/548
f 715/736 529/548 526/545 525/544
f 716/737 714/735 717/738 718/739
f 716/737 718/739 719/740 532/551
f 716/737 532/551 530/549 529/548
f 719/740 718/739 720/741 721/742
f 719/740 721/742 722/743 723/744
f 719/740 723/744 533/552 532/551
f 723/744 722/743 724/745 725/746
f 723/744 725/746 534/553 533/552
f 725/746 724/745 726/747 727/748
f 725/746 727/748 536/555 534/553
f 727/748 726/747 728/749 729/750
f 727/748 729/750 538/557 536/555
f 729/750 728/749 730/751 731/752
f 729/750 731/752 540/559 538/557
f 731/752 730/751 732/753 733/754
f 731/752 733/754 542/561 540/559
f 733/754 732/753 734/755 735/756
f 733/754 735/756 544/563 542/561
f 735/756 734/755 736/757 737/758
f 735/756 737/758 738/759 544/563
f 738/759 547/566 545/564 544/563
f 738/759 737/758 739/760 740/761
f 738/759 740/761 741/762 547/566
f 741/762 550/569 548/567 547/566
f 741/762 740/761 742/763 743/764
f 741/762 743/764 552/571 550/569
f 743/765 742/766 744/767 745/768
f 743/765 745/768 554/575 552/574
f 745/768 744/767 746/769 559/580
f 745/768 559/580 556/577 554/575
f 746/769 744/767 747/770 748/771
f 746/769 748/771 749/772 562/583
f 746/769 562/583 560/581 559/580
f 749/772 748/771 750/773 751/774
f 749/772 751/774 752/775 565/586
f 749/772 565/586 563/584 562/583
f 752/775 751/774 753/776 754/777
f 752/775 754/777 755/778 568/589
f 752/775 568/589 566/587 565/586
f 755/778 754/777 756/779 757/780
f 755/778 757/780 758/781 571/592
f 755/778 571/592 569/590 568/589
f 758/781 757/780 759/782 760/783
f 758/781 760/783 761/784 574/595
f 758/781 574/595 572/593 571/592
f 761/784 760/783 762/785 763/786
f 761/784 763/786 764/787 577/598
f 761/784 577/598 575/596 574/595
f 764/787 763/786 765/788 766/789
f 764/787 766/789 767/790 580/601
f 764/787 580/601 578/599 577/598
f 767/790 766/789 768/791 769/792
f 767/790 769/792 770/793 583/604
f 767/790 583/604 581/602 580/601
f 770/793 769/792 771/794 772/795
f 770/793 772/795 773/796 586/607
f 770/793 586/607 584/605 583/604
f 773/796 772/795 774/797 775/798
f 773/796 775/798 776/799 589/610
f 773/796 589/610 587/608 586/607
f 776/799 775/798 777/800 778/801
f 776/799 778/801 779/802 592/613
f 776/799 592/613 590/611 589/610
f 779/802 778/801 780/803 781/804
f 779/802 781/804 782/805 595/616
f 779/802 595/616 593/614 592/613
f 782/805 781/804 783/806 784/807
f 782/805 784/807 785/808 598/619
f 782/805 598/619 596/617 595/616
f 785/808 784/807 786/809 787/810
f 785/808 787/810 788/811 601/622
f 785/808 601/622 599/620 598/619
f 788/811 787/810 789/812 790/813
f 788/811 790/813 791/814 792/815
f 788/811 792/815 602/623 601/622
f 792/815 791/814 793/816 794/817
f 792/815 794/817 603/624 602/623
f 794/817 793/816 795/818 796/819
f 794/817 796/819 605/626 603/624
f 796/819 795/818 797/820 798/821
f 796/819 798/821 607/628 605/626
f 798/821 797/820 799/822 800/823
f 798/821 800/823 609/630 607/628
f 800/823 799/822 801/824 802/825
f 800/823 802/825 611/632 609/630
f 802/825 801/824 803/826 804/827
f 802/825 804/827 613/634 611/632
f 804/827 803/826 805/828 806/829
f 804/827 806/829 615/636 613/634
f 806/829 805/828 807/830 808/831
f 806/829 808/831 809/832 615/636
f 809/832 808/831 810/833 811/834
f 809/832 811/834 812/835 618/639
f 809/832 618/639 616/637 615/636
f 812/835 811/834 813/836 814/837
f 812/835 814/837 815/838 621/642
f 812/835 621/642 619/640 618/639
f 815/838 814/837 816/839 817/840
f 815/838 817/840 818/841 624/645
f 815/838 624/645 622/643 621/642
f 818/841 817/840 819/842 820/843
f 818/841 820/843 821/844 627/648
f 818/841 627/648 625/646 624/645
f 821/844 820/843 822/845 823/846
f 821/844 823/846 824/847 825/848
f 821/844 825/848 628/649 627/648
f 825/848 824/847 826/849 632/653
f 825/848 632/653 629/650 628/649
f 826/849 824/847 827/850 828/851
f 826/849 828/851 829/852 635/656
f 826/849 635/656 633/654 632/653
f 829/852 828/851 44/46 43/45
f 829/852 43/45 42/44 638/659
f 829/852 638/659 636/657 635/656
f 828/851 827/850 830/853 44/46
f 830/853 827/850 831/854 832/855
f 830/853 832/855 833/856 834/857
f 830/853 834/857 39/41 44/46
f 834/857 835/858 40/42 39/41
f 834/857 833/856 836/859 835/858
f 836/859 837/860 838/861 835/858
f 836/859 833/856 839/862 840/863
f 836/859 840/863 841/864 837/860
f 841/864 842/865 843/866 837/860
f 841/864 840/863 844/867 845/868
f 841/864 845/868 846/869 842/865
f 846/869 847/870 848/871 842/865
f 846/869 845/868 849/872 850/873
f 846/869 850/873 851/874 847/870
f 851/874 852/875 853/876 847/870
f 851/874 850/873 854/877 855/878
f 851/874 855/878 856/879 852/875
f 856/879 857/880 858/881 852/875
f 856/879 855/878 859/882 860/883
f 856/879 860/883 861/884 857/880
f 861/884 862/885 863/886 857/880
f 861/884 860/883 864/887 865/888
f 861/884 865/888 866/889 862/885
f 866/889 867/890 868/891 862/885
f 866/889 865/888 869/892 870/893
f 866/889 870/893 871/894 867/890
f 871/894 872/895 873/896 867/890
f 871/894 870/893 874/897 875/898
f 871/894 875/898 876/899 872/895
f 876/899 877/900 878/901 872/895
f 876/899 875/898 879/902 880/903
f 876/899 880/903 881/904 877/900
f 881/904 882/905 883/906 877/900
f 881/904 880/903 884/907 885/908
f 881/904 885/908 886/909 882/905
f 886/909 887/910 888/911 882/905
f 886/909 885/908 889/912 890/913
f 886/909 890/913 891/914 887/910
f 891/914 892/915 893/916 887/910
f 891/914 890/913 894/917 895/918
f 891/914 895/918 896/919 892/915
f 896/919 897/920 898/921 892/915
f 896/919 895/918 899/922 900/923
f 896/919 900/923 901/924 897/920
f 901/924 902/925 903/926 897/920
f 901/924 900/923 904/927 905/928
f 901/924 905/928 906/929 902/925
f 906/929 907/930 908/931 902/925
f 906/929 905/928 909/932 910/933
f 906/929 910/933 911/934 907/930
f 911/934 694/715 692/713 907/930
f 911/934 910/933 912/935 913/936
f 911/934 913/936 914/937 694/715
f 914/937 697/718 695/716 694/715
f 914/937 913/936 915/938 916/939
f 914/937 916/939 917/940 697/718
f 917/940 700/721 698/719 697/718
f 917/940 916/939 918/941 919/942
f 917/940 919/942 920/943 700/721
f 920/943 704/725 701/722 700/721
f 920/943 919/942 921/944 922/945
f 920/943 922/945 923/946 704/725
f 923/946 707/728 705/726 704/725
f 923/946 922/945 924/947 925/948
f 923/946 925/948 926/949 707/728
f 926/949 927/950 708/729 707/728
f 926/949 925/948 928/951 929/952
f 926/949 929/952 930/953 927/950
f 930/953 929/952 931/954 932/955
f 930/953 932/955 933/956 934/957
f 930/953 934/957 935/958 927/950
f 935/958 709/730 708/729 927/950
f 935/958 934/957 936/959 937/960
f 935/958 937/960 713/734 709/730
f 937/960 936/959 938/961 717/738
f 937/960 717/738 714/735 713/734
f 938/961 936/959 939/962 940/963
f 938/961 940/963 941/964 720/741
f 938/961 720/741 718/739 717/738
f 941/964 940/963 942/965 943/966
f 941/964 943/966 944/967 945/968
f 941/964 945/968 721/742 720/741
f 945/968 944/967 946/969 947/970
f 945/968 947/970 722/743 721/742
f 947/970 946/969 948/971 949/972
f 947/970 949/972 724/745 722/743
f 949/972 948/971 950/973 951/974
f 949/972 951/974 726/747 724/745
f 951/974 950/973 952/975 953/976
f 951/974 953/976 728/749 726/747
f 953/976 952/975 954/977 955/978
f 953/976 955/978 730/751 728/749
f 955/978 954/977 956/979 957/980
f 955/978 957/980 732/753 730/751
f 957/980 956/979 958/981 959/982
f 957/980 959/982 734/755 732/753
f 959/982 958/981 960/983 961/984
f 959/982 961/984 736/757 734/755
f 961/984 960/983 49/52 962/985
f 961/984 962/985 963/986 736/757
f 963/986 739/760 737/758 736/757
f 963/986 962/985 964/987 965/988
f 963/986 965/988 966/989 739/760
f 966/990 965/991 967/992 747/770
f 966/990 747/770 744/767 742/766
f 966/989 742/763 740/761 739/760
f 967/992 965/991 964/993 968/994
f 967/992 968/994 969/995 750/773
f 967/992 750/773 748/771 747/770
f 969/995 968/994 50/53 970/996
f 969/995 970/996 971/997 753/776
f 969/995 753/776 751/774 750/773
f 971/997 970/996 972/998 973/999
f 971/997 973/999 974/1000 756/779
f 971/997 756/779 754/777 753/776
f 974/1000 973/999 975/1001 976/1002
f 974/1000 976/1002 977/1003 759/782
f 974/1000 759/782 757/780 756/779
f 977/1003 976/1002 978/1004 979/1005
f 977/1003 979/1005 980/1006 762/785
f 977/1003 762/785 760/783 759/782
f 980/1006 979/1005 981/1007 982/1008
f 980/1006 982/1008 983/1009 765/788
f 980/1006 765/788 763/786 762/785
f 983/1009 982/1008 984/1010 985/1011
f 983/1009 985/1011 986/1012 768/791
f 983/1009 768/791 766/789 765/788
f 986/1012 985/1011 987/1013 988/1014
f 986/1012 988/1014 989/1015 771/794
f 986/1012 771/794 769/792 768/791
f 989/1015 988/1014 990/1016 991/1017
f 989/1015 991/1017 992/1018 774/797
f 989/1015 774/797 772/795 771/794
f 992/1018 991/1017 993/1019 994/1020
f 992/1018 994/1020 995/1021 777/800
f 992/1018 777/800 775/798 774/797
f 995/1021 994/1020 996/1022 997/1023
f 995/1021 997/1023 998/1024 780/803
f 995/1021 780/803 778/801 777/800
f 998/1024 997/1023 999/1025 1000/1026
f 998/1024 1000/1026 1001/1027 783/806
f 998/1024 783/806 781/804 780/803
f 1001/1027 1000/1026 1002/1028 1003/1029
f 1001/1027 1003/1029 1004/1030 786/809
f 1001/1027 786/809 784/807 783/806
f 1004/1030 1003/1029 1005/1031 1006/1032
f 1004/1030 1006/1032 1007/1033 789/812
f 1004/1030 789/812 787/810 786/809
f 1007/1033 1006/1032 1008/1034 1009/1035
f 1007/1033 1009/1035 1010/1036 1011/1037
f 1007/1033 1011/1037 790/813 789/812
f 1011/1037 1010/1036 1012/1038 1013/1039
f 1011/1037 1013/1039 791/814 790/813
f 1013/1039 1012/1038 1014/1040 1015/1041
f 1013/1039 1015/1041 793/816 791/814
f 1015/1041 1014/1040 1016/1042 1017/1043
f 1015/1041 1017/1043 795/818 793/816
f 1017/1043 1016/1042 1018/1044 1019/1045
f 1017/1043 1019/1045 797/820 795/818
f 1019/1045 1018/1044 1020/1046 1021/1047
f 1019/1045 1021/1047 799/822 797/820
f 1021/1047 1020/1046 1022/1048 1023/1049
f 1021/1047 1023/1049 801/824 799/822
f 1023/1049 1022/1048 1024/1050 1025/1051
f 1023/1049 1025/1051 803/826 801/824
f 1025/1051 1024/1050 1026/1052 1027/1053
f 1025/1051 1027/1053 805/828 803/826
f 1027/1053 1026/1052 1028/1054 1029/1055
f 1027/1053 1029/1055 807/830 805/828
f 1029/1055 1028/1054 1030/1056 1031/1057
f 1029/1055 1031/1057 1032/1058 807/830
f 1032/1058 1031/1057 1033/1059 1034/1060
f 1032/1058 1034/1060 1035/1061 810/833
f 1032/1058 810/833 808/831 807/830
f 1035/1061 1034/1060 1036/1062 1037/1063
f 1035/1061 1037/1063 1038/1064 813/836
f 1035/1061 813/836 811/834 810/833
f 1038/1064 1037/1063 1039/1065 1040/1066
f 1038/1064 1040/1066 1041/1067 816/839
f 1038/1064 816/839 814/837 813/836
f 1041/1067 1040/1066 1042/1068 1043/1069
f 1041/1067 1043/1069 1044/1070 819/842
f 1041/1067 819/842 817/840 816/839
f 1044/1070 1043/1069 1045/1071 1046/1072
f 1044/1070 1046/1072 1047/1073 822/845
f 1044/1070 822/845 820/843 819/842
f 1047/1073 1046/1072 1048/1074 1049/1075
f 1047/1073 1049/1075 832/855 831/854
f 1047/1073 831/854 823/846 822/845
f 1049/1075 1048/1074 1050/1076 839/862
f 1049/1075 839/862 833/856 832/855
f 1050/1076 844/867 840/863 839/862
f 1050/1076 1048/1074 1051/1077 1052/1078
f 1050/1076 1052/1078 1053/1079 844/867
f 1053/1079 849/872 845/868 844/867
f 1053/1079 1052/1078 1054/1080 1055/1081
f 1053/1079 1055/1081 1056/1082 849/872
f 1056/1082 854/877 850/873 849/872
f 1056/1082 1055/1081 1057/1083 1058/1084
f 1056/1082 1058/1084 1059/1085 854/877
f 1059/1085 859/882 855/878 854/877
f 1059/1085 1058/1084 1060/1086 1061/1087
f 1059/1085 1061/1087 1062/1088 859/882
f 1062/1088 864/887 860/883 859/882
f 1062/1088 1061/1087 1063/1089 1064/1090
f 1062/1088 1064/1090 1065/1091 864/887
f 1065/1091 869/892 865/888 864/887
f 1065/1091 1064/1090 1066/1092 1067/1093
f 1065/1091 1067/1093 1068/1094 869/892
f 1068/1094 874/897 870/893 869/892
f 1068/1094 1067/1093 1069/1095 1070/1096
f 1068/1094 1070/1096 1071/1097 874/897
f 1071/1097 879/902 875/898 874/897
f 1071/1097 1070/1096 1072/1098 1073/1099
f 1071/1097 1073/1099 1074/1100 879/902
f 1074/1100 884/907 880/903 879/902
f 1074/1100 1073/1099 1075/1101 1076/1102
f 1074/1100 1076/1102 1077/1103 884/907
f 1077/1103 889/912 885/908 884/907
f 1077/1103 1076/1102 1078/1104 1079/1105
f 1077/1103 1079/1105 1080/1106 889/912
f 1080/1106 894/917 890/913 889/912
f 1080/1106 1079/1105 1081/1107 1082/1108
f 1080/1106 1082/1108 1083/1109 894/917
f 1083/1109 899/922 895/918 894/917
f 1083/1109 1082/1108 1084/1110 1085/1111
f 1083/1109 1085/1111 1086/1112 899/922
f 1086/1112 904/927 900/923 899/922
f 1086/1112 1085/1111 1087/1113 1088/1114
f 1086/1112 1088/1114 1089/1115 904/927
f 1089/1115 909/932 905/928 904/927
f 1089/1115 1088/1114 1090/1116 1091/1117
f 1089/1115 1091/1117 1092/1118 909/932
f 1092/1118 912/935 910/933 909/932
f 1092/1118 1091/1117 1093/1119 1094/1120
f 1092/1118 1094/1120 1095/1121 912/935
f 1095/1121 915/938 913/936 912/935
f 1095/1121 1094/1120 1096/1122 1097/1123
f 1095/1121 1097/1123 1098/1124 915/938
f 1098/1124 918/941 916/939 915/938
f 1098/1124 1097/1123 1099/1125 1100/1126
f 1098/1124 1100/1126 1101/1127 918/941
f 1101/1127 921/944 919/942 918/941
f 1101/1127 1100/1126 1102/1128 1103/1129
f 1101/1127 1103/1129 1104/1130 921/944
f 1104/1130 924/947 922/945 921/944
f 1104/1130 1103/1129 1105/1131 1106/1132
f 1104/1130 1106/1132 1107/1133 924/947
f 1107/1133 928/951 925/948 924/947
f 1107/1133 1106/1132 1108/1134 1109/1135
f 1107/1133 1109/1135 1110/1136 928/951
f 1110/1136 931/954 929/952 928/951
f 1110/1136 1109/1135 1111/1137 1112/1138
f 1110/1136 1112/1138 10/3 931/954
f 1112/1138 1111/1137 1113/1139 1114/1140
f 1112/1138 1114/1140 11/4 10/3
f 1114/1140 1113/1139 1115/1141 1116/1142
f 1114/1140 1116/1142 12/5 11/4
f 1116/1142 1115/1141 1117/1143 1118/1144
f 1116/1142 1118/1144 1119/1145 12/5
f 1119/1145 1120/1146 13/6 12/5
f 1119/1145 1118/1144 1121/1147 1122/1148
f 1119/1145 1122/1148 1123/1149 1120/1146
f 1123/1149 942/965 1124/1150 1120/1146
f 1123/1149 1122/1148 1125/1151 1126/1152
f 1123/1149 1126/1152 943/966 942/965
f 1126/1152 1125/1151 1127/1153 1128/1154
f 1126/1152 1128/1154 944/967 943/966
f 1128/1154 1127/1153 1129/1155 1130/1156
f 1128/1154 1130/1156 946/969 944/967
f 1130/1156 1129/1155 1131/1157 1132/1158
f 1130/1156 1132/1158 948/971 946/969
f 1132/1158 1131/1157 1133/1159 1134/1160
f 1132/1158 1134/1160 950/973 948/971
f 1134/1160 1133/1159 1135/1161 1136/1162
f 1134/1160 1136/1162 952/975 950/973
f 1136/1162 1135/1161 1137/1163 1138/1164
f 1136/1162 1138/1164 954/977 952/975
f 1138/1164 1137/1163 1139/1165 1140/1166
f 1138/1164 1140/1166 956/979 954/977
f 1140/1166 1139/1165 1141/1167 1142/1168
f 1140/1166 1142/1168 958/981 956/979
f 1142/1168 1141/1167 1143/1169 1144/1170
f 1142/1168 1144/1170 960/983 958/981
f 1144/1170 1143/1169 46/49 45/48
f 1144/1170 45/48 49/52 960/983
f 1143/1169 1141/1167 1145/1171 1146/1172
f 1143/1169 1146/1172 1147/1173 46/49
f 1147/1173 1146/1172 1148/1174 975/1001
f 1147/1173 975/1001 973/999 972/998
f 1147/1173 972/998 47/50 46/49
f 1148/1174 1146/1172 1145/1171 1149/1175
f 1148/1174 1149/1175 1150/1176 978/1004
f 1148/1174 978/1004 976/1002 975/1001
f 1150/1176 1149/1175 1151/1177 1152/1178
f 1150/1176 1152/1178 1153/1179 981/1007
f 1150/1176 981/1007 979/1005 978/1004
f 1153/1179 1152/1178 1154/1180 1155/1181
f 1153/1179 1155/1181 1156/1182 984/1010
f 1153/1179 984/1010 982/1008 981/1007
f 1156/1182 1155/1181 1157/1183 1158/1184
f 1156/1182 1158/1184 1159/1185 987/1013
f 1156/1182 987/1013 985/1011 984/1010
f 1159/1185 1158/1184 1160/1186 1161/1187
f 1159/1185 1161/1187 1162/1188 990/1016
f 1159/1185 990/1016 988/1014 987/1013
f 1162/1188 1161/1187 1163/1189 1164/1190
f 1162/1188 1164/1190 1165/1191 993/1019
f 1162/1188 993/1019 991/1017 990/1016
f 1165/1191 1164/1190 1166/1192 1167/1193
f 1165/1191 1167/1193 1168/1194 996/1022
f 1165/1191 996/1022 994/1020 993/1019
f 1168/1194 1167/1193 1169/1195 1170/1196
f 1168/1194 1170/1196 1171/1197 999/1025
f 1168/1194 999/1025 997/1023 996/1022
f 1171/1197 1170/1196 1172/1198 1173/1199
f 1171/1197 1173/1199 1174/1200 1002/1028
f 1171/1197 1002/1028 1000/1026 999/1025
f 1174/1200 1173/1199 1175/1201 1176/1202
f 1174/1200 1176/1202 1177/1203 1005/1031
f 1174/1200 1005/1031 1003/1029 1002/1028
f 1177/1203 1176/1202 1178/1204 1179/1205
f 1177/1203 1179/1205 1180/1206 1008/1034
f 1177/1203 1008/1034 1006/1032 1005/1031
f 1180/1206 1179/1205 1181/1207 1182/1208
f 1180/1206 1182/1208 1183/1209 1184/1210
f 1180/1206 1184/1210 1009/1035 1008/1034
f 1184/1210 1183/1209 1185/1211 1186/1212
f 1184/1210 1186/1212 1010/1036 1009/1035
f 1186/1212 1185/1211 1187/1213 1188/1214
f 1186/1212 1188/1214 1012/1038 1010/1036
f 1188/1214 1187/1213 1189/1215 1190/1216
f 1188/1214 1190/1216 1014/1040 1012/1038
f 1190/1216 1189/1215 1191/1217 1192/1218
f 1190/1216 1192/1218 1016/1042 1014/1040
f 1192/1218 1191/1217 1193/1219 1194/1220
f 1192/1218 1194/1220 1018/1044 1016/1042
f 1194/1220 1193/1219 32/29 1195/1221
f 1194/1220 1195/1221 1020/1046 1018/1044
f 1195/1221 32/29 31/28 1196/1222
f 1195/1221 1196/1222 1022/1048 1020/1046
f 1196/1222 31/28 30/27 1197/1223
f 1196/1222 1197/1223 1024/1050 1022/1048
f 1197/1223 30/27 1198/1224 1199/1225
f 1197/1223 1199/1225 1026/1052 1024/1050
f 1199/1225 1198/1224 1200/1226 1201/1227
f 1199/1225 1201/1227 1028/1054 1026/1052
f 1201/1227 1200/1226 1202/1228 1203/1229
f 1201/1227 1203/1229 1030/1056 1028/1054
f 1203/1229 1202/1228 1204/1230 1205/1231
f 1203/1229 1205/1231 1206/1232 1030/1056
f 1206/1232 1205/1231 1207/1233 1208/1234
f 1206/1232 1208/1234 1209/1235 1033/1059
f 1206/1232 1033/1059 1031/1057 1030/1056
f 1209/1235 1208/1234 1210/1236 1211/1237
f 1209/1235 1211/1237 1212/1238 1036/1062
f 1209/1235 1036/1062 1034/1060 1033/1059
f 1212/1238 1211/1237 1213/1239 1214/1240
f 1212/1238 1214/1240 1215/1241 1039/1065
f 1212/1238 1039/1065 1037/1063 1036/1062
f 1215/1241 1214/1240 1216/1242 1217/1243
f 1215/1241 1217/1243 1218/1244 1042/1068
f 1215/1241 1042/1068 1040/1066 1039/1065
f 1218/1244 1217/1243 1219/1245 1220/1246
f 1218/1244 1220/1246 1051/1077 1045/1071
f 1218/1244 1045/1071 1043/1069 1042/1068
f 1220/1246 1219/1245 1221/1247 1054/1080
f 1220/1246 1054/1080 1052/1078 1051/1077
f 1221/1247 1057/1083 1055/1081 1054/1080
f 1221/1247 1219/1245 1222/1248 1223/1249
f 1221/1247 1223/1249 1224/1250 1057/1083
f 1224/1250 1060/1086 1058/1084 1057/1083
f 1224/1250 1223/1249 1225/1251 1226/1252
f 1224/1250 1226/1252 1227/1253 1060/1086
f 1227/1253 1063/1089 1061/1087 1060/1086
f 1227/1253 1226/1252 1228/1254 1229/1255
f 1227/1253 1229/1255 1230/1256 1063/1089
f 1230/1256 1066/1092 1064/1090 1063/1089
f 1230/1256 1229/1255 1231/1257 1232/1258
f 1230/1256 1232/1258 1233/1259 1066/1092
f 1233/1259 1069/1095 1067/1093 1066/1092
f 1233/1259 1232/1258 1234/1260 1235/1261
f 1233/1259 1235/1261 1236/1262 1069/1095
f 1236/1262 1072/1098 1070/1096 1069/1095
f 1236/1262 1235/1261 1237/1263 1238/1264
f 1236/1262 1238/1264 1239/1265 1072/1098
f 1239/1265 1075/1101 1073/1099 1072/1098
f 1239/1265 1238/1264 1240/1266 1241/1267
f 1239/1265 1241/1267 1242/1268 1075/1101
f 1242/1268 1078/1104 1076/1102 1075/1101
f 1242/1268 1241/1267 1243/1269 1244/1270
f 1242/1268 1244/1270 1245/1271 1078/1104
f 1245/1271 1081/1107 1079/1105 1078/1104
f 1245/1271 1244/1270 1246/1272 1247/1273
f 1245/1271 1247/1273 1248/1274 1081/1107
f 1248/1274 1084/1110 1082/1108 1081/1107
f 1248/1274 1247/1273 1249/1275 1250/1276
f 1248/1274 1250/1276 1251/1277 1084/1110
f 1251/1277 1087/1113 1085/1111 1084/1110
f 1251/1277 1250/1276 1252/1278 1253/1279
f 1251/1277 1253/1279 1254/1280 1087/1113
f 1254/1280 1090/1116 1088/1114 1087/1113
f 1254/1280 1253/1279 1255/1281 1256/1282
f 1254/1280 1256/1282 1257/1283 1090/1116
f 1257/1283 1093/1119 1091/1117 1090/1116
f 1257/1283 1256/1282 1258/1284 1259/1285
f 1257/1283 1259/1285 1260/1286 1093/1119
f 1260/1286 1096/1122 1094/1120 1093/1119
f 1260/1286 1259/1285 1261/1287 1262/1288
f 1260/1286 1262/1288 1263/1289 1096/1122
f 1263/1289 1099/1125 1097/1123 1096/1122
f 1263/1289 1262/1288 1264/1290 1265/1291
f 1263/1289 1265/1291 1266/1292 1099/1125
f 1266/1292 1102/1128 1100/1126 1099/1125
f 1266/1292 1265/1291 1267/1293 1268/1294
f 1266/1292 1268/1294 1269/1295 1102/1128
f 1269/1295 1105/1131 1103/1129 1102/1128
f 1269/1295 1268/1294 1270/1296 1271/1297
f 1269/1295 1271/1297 1272/1298 1105/1131
f 1272/1298 1108/1134 1106/1132 1105/1131
f 1272/1298 1271/1297 1273/1299 1274/1300
f 1272/1298 1274/1300 1275/1301 1108/1134
f 1275/1301 1111/1137 1109/1135 1108/1134
f 1275/1301 1274/1300 1276/1302 1277/1303
f 1275/1301 1277/1303 1113/1139 1111/1137
f 1277/1303 1276/1302 1278/1304 1279/1305
f 1277/1303 1279/1305 1115/1141 1113/1139
f 1279/1305 1278/1304 1280/1306 1281/1307
f 1279/1305 1281/1307 1117/1143 1115/1141
f 1281/1307 1280/1306 1282/1308 1283/1309
f 1281/1307 1283/1309 1284/1310 1117/1143
f 1284/1310 1121/1147 1118/1144 1117/1143
f 1284/1310 1283/1309 1285/1311 1286/1312
f 1284/1310 1286/1312 1287/1313 1121/1147
f 1287/1313 1125/1151 1122/1148 1121/1147
f 1287/1313 1286/1312 1288/1314 1289/1315
f 1287/1313 1289/1315 1127/1153 1125/1151
f 1289/1315 1288/1314 1290/1316 1291/1317
f 1289/1315 1291/1317 1129/1155 1127/1153
f 1291/1317 1290/1316 1292/1318 1293/1319
f 1291/1317 1293/1319 1131/1157 1129/1155
f 1293/1319 1292/1318 1294/1320 1295/1321
f 1293/1319 1295/1321 1133/1159 1131/1157
f 1295/1321 1294/1320 1296/1322 1297/1323
f 1295/1321 1297/1323 1135/1161 1133/1159
f 1297/1323 1296/1322 1298/1324 1299/1325
f 1297/1323 1299/1325 1137/1163 1135/1161
f 1299/1325 1298/1324 1151/1177 1300/1326
f 1299/1325 1300/1326 1139/1165 1137/1163
f 1300/1326 1151/1177 1149/1175 1145/1171
f 1300/1326 1145/1171 1141/1167 1139/1165
f 1298/1324 1296/1322 1301/1327 1154/1180
f 1298/1324 1154/1180 1152/1178 1151/1177
f 1301/1327 1296/1322 1294/1320 1302/1328
f 1301/1327 1302/1328 1303/1329 1157/1183
f 1301/1327 1157/1183 1155/1181 1154/1180
f 1303/1329 1302/1328 1304/1330 1305/1331
f 1303/1329 1305/1331 1306/1332 1160/1186
f 1303/1329 1160/1186 1158/1184 1157/1183
f 1306/1332 1305/1331 1307/1333 1308/1334
f 1306/1332 1308/1334 1309/1335 1163/1189
f 1306/1332 1163/1189 1161/1187 1160/1186
f 1309/1335 1308/1334 1310/1336 1311/1337
f 1309/1335 1311/1337 1312/1338 1166/1192
f 1309/1335 1166/1192 1164/1190 1163/1189
f 1312/1338 1311/1337 1313/1339 1314/1340
f 1312/1338 1314/1340 1315/1341 1169/1195
f 1312/1338 1169/1195 1167/1193 1166/1192
f 1315/1341 1314/1340 1316/1342 1317/1343
f 1315/1341 1317/1343 1318/1344 1172/1198
f 1315/1341 1172/1198 1170/1196 1169/1195
f 1318/1344 1317/1343 1319/1345 1320/1346
f 1318/1344 1320/1346 1321/1347 1175/1201
f 1318/1344 1175/1201 1173/1199 1172/1198
f 1321/1347 1320/1346 1322/1348 1323/1349
f 1321/1347 1323/1349 1324/1350 1178/1204
f 1321/1347 1178/1204 1176/1202 1175/1201
f 1324/1350 1323/1349 1325/1351 1326/1352
f 1324/1350 1326/1352 1327/1353 1181/1207
f 1324/1350 1181/1207 1179/1205 1178/1204
f 1327/1353 1326/1352 1328/1354 1329/1355
f 1327/1353 1329/1355 1330/1356 1331/1357
f 1327/1353 1331/1357 1182/1208 1181/1207
f 1331/1357 1330/1356 1332/1358 1333/1359
f 1331/1357 1333/1359 1183/1209 1182/1208
f 1333/1359 1332/1358 1334/1360 1335/1361
f 1333/1359 1335/1361 1185/1211 1183/1209
f 1335/1361 1334/1360 1336/1362 1337/1363
f 1335/1361 1337/1363 1187/1213 1185/1211
f 1337/1363 1336/1362 1338/1364 1339/1365
f 1337/1363 1339/1365 1189/1215 1187/1213
f 1339/1365 1338/1364 1340/1366 1341/1367
f 1339/1365 1341/1367 1191/1217 1189/1215
f 1341/1367 1340/1366 1342/1368 1343/1369
f 1341/1367 1343/1369 1193/1219 1191/1217
f 1343/1369 1342/1368 28/25 27/24
f 1343/1369 27/24 32/29 1193/1219
f 1342/1368 1340/1366 1344/1370 1345/1371
f 1342/1368 1345/1371 1346/1372 28/25
f 1346/1372 1345/1371 1347/1373 1348/1374
f 1346/1372 1348/1374 1349/1375 1350/1376
f 1346/1372 1350/1376 29/26 28/25
f 1350/1376 1349/1375 1200/1226 1198/1224
f 1350/1376 1198/1224 30/27 29/26
f 1349/1375 1348/1374 1351/1377 1352/1378
f 1349/1375 1352/1378 1202/1228 1200/1226
f 1352/1378 1351/1377 1353/1379 1354/1380
f 1352/1378 1354/1380 1204/1230 1202/1228
f 1354/1380 1353/1379 1355/1381 1356/1382
f 1354/1380 1356/1382 1357/1383 1204/1230
f 1357/1383 1356/1382 1358/1384 1359/1385
f 1357/1383 1359/1385 1360/1386 1207/1233
f 1357/1383 1207/1233 1205/1231 1204/1230
f 1360/1386 1359/1385 1361/1387 1362/1388
f 1360/1386 1362/1388 1363/1389 1210/1236
f 1360/1386 1210/1236 1208/1234 1207/1233
f 1363/1389 1362/1388 1364/1390 1365/1391
f 1363/1389 1365/1391 1366/1392 1213/1239
f 1363/1389 1213/1239 1211/1237 1210/1236
f 1366/1392 1365/1391 1367/1393 1368/1394
f 1366/1392 1368/1394 1222/1248 1216/1242
f 1366/1392 1216/1242 1214/1240 1213/1239
f 1368/1394 1367/1393 1369/1395 1225/1251
f 1368/1394 1225/1251 1223/1249 1222/1248
f 1369/1395 1367/1393 1370/1396 1371/1397
f 1369/1395 1371/1397 1372/1398 1228/1254
f 1369/1395 1228/1254 1226/1252 1225/1251
f 1372/1398 1231/1257 1229/1255 1228/1254
f 1372/1398 1371/1397 1373/1399 1374/1400
f 1372/1398 1374/1400 1375/1401 1231/1257
f 1375/1401 1234/1260 1232/1258 1231/1257
f 1375/1401 1374/1400 17/11 16/10
f 1375/1401 16/10 1376/1402 1234/1260
f 1376/1402 1237/1263 1235/1261 1234/1260
f 1376/1402 16/10 15/9 1377/1403
f 1376/1402 1377/1403 1378/1404 1237/1263
f 1378/1404 1240/1266 1238/1264 1237/1263
f 1378/1404 1377/1403 1379/1405 1380/1406
f 1378/1404 1380/1406 1381/1407 1240/1266
f 1381/1407 1243/1269 1241/1267 1240/1266
f 1381/1407 1380/1406 1382/1408 1383/1409
f 1381/1407 1383/1409 1384/1410 1243/1269
f 1384/1410 1246/1272 1244/1270 1243/1269
f 1384/1410 1383/1409 1385/1411 1386/1412
f 1384/1410 1386/1412 1387/1413 1246/1272
f 1387/1413 1249/1275 1247/1273 1246/1272
f 1387/1413 1386/1412 1388/1414 1389/1415
f 1387/1413 1389/1415 1390/1416 1249/1275
f 1390/1416 1252/1278 1250/1276 1249/1275
f 1390/1416 1389/1415 1391/1417 1392/1418
f 1390/1416 1392/1418 1393/1419 1252/1278
f 1393/1419 1255/1281 1253/1279 1252/1278
f 1393/1419 1392/1418 1394/1420 1395/1421
f 1393/1419 1395/1421 1396/1422 1255/1281
f 1396/1422 1258/1284 1256/1282 1255/1281
f 1396/1422 1395/1421 1397/1423 1398/1424
f 1396/1422 1398/1424 1399/1425 1258/1284
f 1399/1425 1261/1287 1259/1285 1258/1284
f 1399/1425 1398/1424 1400/1426 1401/1427
f 1399/1425 1401/1427 1402/1428 1261/1287
f 1402/1428 1264/1290 1262/1288 1261/1287
f 1402/1428 1401/1427 1403/1429 1404/1430
f 1402/1428 1404/1430 1405/1431 1264/1290
f 1405/1431 1267/1293 1265/1291 1264/1290
f 1405/1431 1404/1430 1406/1432 1407/1433
f 1405/1431 1407/1433 1408/1434 1267/1293
f 1408/1434 1270/1296 1268/1294 1267/1293
f 1408/1434 1407/1433 1409/1435 1410/1436
f 1408/1434 1410/1436 1411/1437 1270/1296
f 1411/1437 1273/1299 1271/1297 1270/1296
f 1411/1437 1410/1436 1412/1438 1413/1439
f 1411/1437 1413/1439 1414/1440 1273/1299
f 1414/1440 1276/1302 1274/1300 1273/1299
f 1414/1440 1413/1439 1415/1441 1416/1442
f 1414/1440 1416/1442 1278/1304 1276/1302
f 1416/1442 1415/1441 1417/1443 1418/1444
f 1416/1442 1418/1444 1280/1306 1278/1304
f 1418/1444 1417/1443 1419/1445 1420/1446
f 1418/1444 1420/1446 1282/1308 1280/1306
f 1420/1446 1419/1445 1313/1339 1421/1447
f 1420/1446 1421/1447 1422/1448 1282/1308
f 1422/1448 1285/1311 1283/1309 1282/1308
f 1422/1448 1421/1447 1310/1336 1423/1449
f 1422/1448 1423/1449 1424/1450 1285/1311
f 1424/1450 1288/1314 1286/1312 1285/1311
f 1424/1450 1423/1449 1307/1333 1425/1451
f 1424/1450 1425/1451 1290/1316 1288/1314
f 1425/1451 1307/1333 1305/1331 1304/1330
f 1425/1451 1304/1330 1292/1318 1290/1316
f 1423/1449 1310/1336 1308/1334 1307/1333
f 1421/1447 1313/1339 1311/1337 1310/1336
f 1419/1445 1417/1443 1426/1452 1316/1342
f 1419/1445 1316/1342 1314/1340 1313/1339
f 1426/1452 1417/1443 1415/1441 1427/1453
f 1426/1452 1427/1453 1428/1454 1319/1345
f 1426/1452 1319/1345 1317/1343 1316/1342
f 1428/1454 1427/1453 1412/1438 1429/1455
f 1428/1454 1429/1455 1430/1456 1322/1348
f 1428/1454 1322/1348 1320/1346 1319/1345
f 1430/1456 1429/1455 1409/1435 1431/1457
f 1430/1456 1431/1457 1432/1458 1325/1351
f 1430/1456 1325/1351 1323/1349 1322/1348
f 1432/1458 1431/1457 1406/1432 1433/1459
f 1432/1458 1433/1459 1434/1460 1328/1354
f 1432/1458 1328/1354 1326/1352 1325/1351
f 1434/1460 1433/1459 1403/1429 1435/1461
f 1434/1460 1435/1461 1436/1462 1437/1463
f 1434/1460 1437/1463 1329/1355 1328/1354
f 1437/1463 1436/1462 1438/1464 1439/1465
f 1437/1463 1439/1465 1330/1356 1329/1355
f 1439/1465 1438/1464 1440/1466 1441/1467
f 1439/1465 1441/1467 1332/1358 1330/1356
f 1441/1467 1440/1466 1442/1468 1443/1469
f 1441/1467 1443/1469 1334/1360 1332/1358
f 1443/1469 1442/1468 1444/1470 1445/1471
f 1443/1469 1445/1471 1336/1362 1334/1360
f 1445/1471 1444/1470 1446/1472 1447/1473
f 1445/1471 1447/1473 1338/1364 1336/1362
f 1447/1473 1446/1472 1448/1474 1344/1370
f 1447/1473 1344/1370 1340/1366 1338/1364
f 1448/1474 1446/1472 1449/1475 1450/1476
f 1448/1474 1450/1476 1451/1477 1347/1373
f 1448/1474 1347/1373 1345/1371 1344/1370
f 1451/1477 1450/1476 1452/1478 1453/1479
f 1451/1477 1453/1479 1353/1379 1351/1377
f 1451/1477 1351/1377 1348/1374 1347/1373
f 1453/1479 1452/1478 1454/1480 1455/1481
f 1453/1479 1455/1481 1355/1381 1353/1379
f 1455/1481 1454/1480 1456/1482 1457/1483
f 1455/1481 1457/1483 1458/1484 1355/1381
f 1458/1484 1457/1483 1459/1485 1460/1486
f 1458/1484 1460/1486 1461/1487 1358/1384
f 1458/1484 1358/1384 1356/1382 1355/1381
f 1461/1487 1460/1486 1462/1488 1463/1489
f 1461/1487 1463/1489 1464/1490 1361/1387
f 1461/1487 1361/1387 1359/1385 1358/1384
f 1464/1490 1463/1489 1465/1491 1466/1492
f 1464/1490 1466/1492 1370/1396 1364/1390
f 1464/1490 1364/1390 1362/1388 1361/1387
f 1466/1492 1465/1491 20/14 1373/1399
f 1466/1492 1373/1399 1371/1397 1370/1396
f 1465/1491 1463/1489 1462/1488 1467/1493
f 1465/1491 1467/1493 18/12 20/14
f 1467/1493 1468/1494 19/13 18/12
f 1467/1493 1462/1488 1469/1495 1468/1494
f 1469/1495 1470/1496 1471/1497 1468/1494
f 1469/1495 1462/1488 1460/1486 1459/1485
f 1469/1495 1459/1485 1472/1498 1470/1496
f 1472/1498 1473/1499 1474/1500 1470/1496
f 1472/1498 1459/1485 1457/1483 1456/1482
f 1472/1498 1456/1482 1475/1501 1473/1499
f 1475/1501 1476/1502 1477/1503 1473/1499
f 1475/1501 1456/1482 1454/1480 1478/1504
f 1475/1501 1478/1504 1479/1505 1476/1502
f 1479/1505 1480/1506 1481/1507 1476/1502
f 1479/1505 1478/1504 1482/1508 1483/1509
f 1479/1505 1483/1509 1484/1510 1480/1506
f 1484/1510 1485/1511 1486/1512 1480/1506
f 1484/1510 1483/1509 1487/1513 1488/1514
f 1484/1510 1488/1514 1489/1515 1485/1511
f 1489/1515 1490/1516 1491/1517 1485/1511
f 1489/1515 1488/1514 1442/1468 1440/1466
f 1489/1515 1440/1466 1438/1464 1490/1516
f 1491/1517 1397/1423 1395/1421 1394/1420
f 1491/1517 1394/1420 1486/1512 1485/1511
f 1491/1517 1490/1516 1492/1518 1397/1423
f 1492/1518 1400/1426 1398/1424 1397/1423
f 1492/1518 1490/1516 1438/1464 1436/1462
f 1492/1518 1436/1462 1435/1461 1400/1426
f 1488/1514 1487/1513 1444/1470 1442/1468
f 1487/1513 1483/1509 1482/1508 1449/1475
f 1487/1513 1449/1475 1446/1472 1444/1470
f 1486/1512 1394/1420 1392/1418 1391/1417
f 1486/1512 1391/1417 1481/1507 1480/1506
f 1482/1508 1478/1504 1454/1480 1452/1478
f 1482/1508 1452/1478 1450/1476 1449/1475
f 1481/1507 1391/1417 1389/1415 1388/1414
f 1481/1507 1388/1414 1477/1503 1476/1502
f 1477/1503 1388/1414 1386/1412 1385/1411
f 1477/1503 1385/1411 1474/1500 1473/1499
f 1474/1500 1385/1411 1383/1409 1382/1408
f 1474/1500 1382/1408 1471/1497 1470/1496
f 1471/1497 1382/1408 1380/1406 1379/1405
f 1471/1497 1379/1405 19/13 1468/1494
f 1435/1461 1403/1429 1401/1427 1400/1426
f 1433/1459 1406/1432 1404/1430 1403/1429
f 1431/1457 1409/1435 1407/1433 1406/1432
f 1429/1455 1412/1438 1410/1436 1409/1435
f 1427/1453 1415/1441 1413/1439 1412/1438
f 1379/1405 1377/1403 15/9 19/13
f 1374/1400 1373/1399 20/14 17/11
f 1370/1396 1367/1393 1365/1391 1364/1390
f 1304/1330 1302/1328 1294/1320 1292/1318
f 1222/1248 1219/1245 1217/1243 1216/1242
f 1124/1150 939/962 933/956 14/7
f 1124/1150 14/7 13/6 1120/1146
f 1124/1150 942/965 940/963 939/962
f 1051/1077 1048/1074 1046/1072 1045/1071
f 972/998 970/996 50/53 47/50
f 968/994 964/993 48/54 50/53
f 964/987 962/985 49/52 48/51
f 939/962 936/959 934/957 933/956
f 933/956 932/955 9/2 14/7
f 932/955 931/954 10/3 9/2
f 908/931 690/711 688/709 1493/1519
f 908/931 1493/1519 903/926 902/925
f 908/931 907/930 692/713 690/711
f 1493/1519 688/709 686/707 1494/1520
f 1493/1519 1494/1520 1495/1521 903/926
f 1495/1521 1494/1520 683/704 1496/1522
f 1495/1521 1496/1522 1497/1523 898/921
f 1495/1521 898/921 897/920 903/926
f 1497/1523 1496/1522 680/701 1498/1524
f 1497/1523 1498/1524 1499/1525 893/916
f 1497/1523 893/916 892/915 898/921
f 1499/1525 1498/1524 677/698 1500/1526
f 1499/1525 1500/1526 1501/1527 888/911
f 1499/1525 888/911 887/910 893/916
f 1501/1527 1500/1526 674/695 1502/1528
f 1501/1527 1502/1528 1503/1529 883/906
f 1501/1527 883/906 882/905 888/911
f 1503/1529 1502/1528 671/692 1504/1530
f 1503/1529 1504/1530 1505/1531 878/901
f 1503/1529 878/901 877/900 883/906
f 1505/1531 1504/1530 668/689 1506/1532
f 1505/1531 1506/1532 1507/1533 873/896
f 1505/1531 873/896 872/895 878/901
f 1507/1533 1506/1532 665/686 1508/1534
f 1507/1533 1508/1534 1509/1535 868/891
f 1507/1533 868/891 867/890 873/896
f 1509/1535 1508/1534 662/683 1510/1536
f 1509/1535 1510/1536 1511/1537 863/886
f 1509/1535 863/886 862/885 868/891
f 1511/1537 1510/1536 659/680 1512/1538
f 1511/1537 1512/1538 1513/1539 858/881
f 1511/1537 858/881 857/880 863/886
f 1513/1539 1512/1538 656/677 1514/1540
f 1513/1539 1514/1540 1515/1541 853/876
f 1513/1539 853/876 852/875 858/881
f 1515/1541 1514/1540 653/674 1516/1542
f 1515/1541 1516/1542 1517/1543 848/871
f 1515/1541 848/871 847/870 853/876
f 1517/1543 1516/1542 650/671 1518/1544
f 1517/1543 1518/1544 1519/1545 843/866
f 1517/1543 843/866 842/865 848/871
f 1519/1545 1518/1544 647/668 1520/1546
f 1519/1545 1520/1546 1521/1547 838/861
f 1519/1545 838/861 837/860 843/866
f 1521/1547 1520/1546 644/665 1522/1548
f 1521/1547 1522/1548 41/43 40/42
f 1521/1547 40/42 835/858 838/861
f 1522/1548 644/665 642/663 641/662
f 1522/1548 641/662 42/44 41/43
f 1520/1546 647/668 645/666 644/665
f 1518/1544 650/671 648/669 647/668
f 1516/1542 653/674 651/672 650/671
f 1514/1540 656/677 654/675 653/674
f 1512/1538 659/680 657/678 656/677
f 1510/1536 662/683 660/681 659/680
f 1508/1534 665/686 663/684 662/683
f 1506/1532 668/689 666/687 665/686
f 1504/1530 671/692 669/690 668/689
f 1502/1528 674/695 672/693 671/692
f 1500/1526 677/698 675/696 674/695
f 1498/1524 680/701 678/699 677/698
f 1496/1522 683/704 681/702 680/701
f 1494/1520 686/707 684/705 683/704
f 831/854 827/850 824/847 823/846
f 641/662 639/660 638/659 42/44
f 336/351 335/350 25/20 24/19
f 331/344 162/170 161/169 326/345
f 322/333 161/338 159/166 158/165
f 318/329 158/165 154/159 153/158
f 314/325 153/158 149/154 148/153
f 310/321 148/153 144/149 143/148
f 306/317 143/148 139/144 138/143
f 302/313 138/143 134/139 133/138
f 298/309 133/138 129/134 128/133
f 294/305 128/133 124/129 123/128
f 290/301 123/128 119/124 118/123
f 286/297 118/123 114/119 113/118
f 282/293 113/118 109/114 108/113
f 278/289 108/113 104/109 103/108
f 274/285 103/108 99/104 98/103
f 270/281 98/103 94/99 93/98
f 266/277 93/98 89/94 88/93
f 262/273 88/93 84/89 83/88
f 258/269 83/88 79/84 78/83
f 254/265 78/83 74/79 73/78
f 250/261 73/78 69/74 68/73
f 248/259 68/73 64/69 54/59
f 184/195 182/193 34/32 33/31
f 180/191 179/190 35/33 34/32

 